   900616005-6;ADVANCE LOGISTIC TRANSPORT S.A;42025;6237000
   901380930-2;AIR- E S.A.S. E.S.P.          ;41239;32670000
   901380930-2;AIR- E S.A.S. E.S.P.          ;41758;32670000
   901380930-2;AIR- E S.A.S. E.S.P.          ;41778;10531620
   901380930-2;AIR- E S.A.S. E.S.P.          ;41779;8163292
   901113010-8;AJTEX S.A.S.                  ;41993;1485000
   800149149-1;ALIMENTOS BALANCEADOS TEQUENDA;41687;10631560
   800149149-1;ALIMENTOS BALANCEADOS TEQUENDA;41845;1091079
   800149149-1;ALIMENTOS BALANCEADOS TEQUENDA;41887;1016928
   800149149-1;ALIMENTOS BALANCEADOS TEQUENDA;41890;508464
   800149149-1;ALIMENTOS BALANCEADOS TEQUENDA;41936;83099770
   800149149-1;ALIMENTOS BALANCEADOS TEQUENDA;41938;38433522
   800149149-1;ALIMENTOS BALANCEADOS TEQUENDA;41989;67491811
   800149149-1;ALIMENTOS BALANCEADOS TEQUENDA;41992;76856354
   800149149-1;ALIMENTOS BALANCEADOS TEQUENDA;41995;508464
   800149149-1;ALIMENTOS BALANCEADOS TEQUENDA;41996;2033856
   800149149-1;ALIMENTOS BALANCEADOS TEQUENDA;42011;57622451
   800149149-1;ALIMENTOS BALANCEADOS TEQUENDA;42024;19212670
   830006735-3;ALIMENTOS POLAR COLOMBIA SAS  ;41098;26530156
   830006735-3;ALIMENTOS POLAR COLOMBIA SAS  ;41133;5025482
   830006735-3;ALIMENTOS POLAR COLOMBIA SAS  ;41162;60792613
   830006735-3;ALIMENTOS POLAR COLOMBIA SAS  ;41167;712800
   830006735-3;ALIMENTOS POLAR COLOMBIA SAS  ;41171;1188000
   830006735-3;ALIMENTOS POLAR COLOMBIA SAS  ;41173;2015541
   830006735-3;ALIMENTOS POLAR COLOMBIA SAS  ;41174;2860110
   830006735-3;ALIMENTOS POLAR COLOMBIA SAS  ;41175;4704480
   830006735-3;ALIMENTOS POLAR COLOMBIA SAS  ;41176;77068208
   830006735-3;ALIMENTOS POLAR COLOMBIA SAS  ;41188;3746160
   830006735-3;ALIMENTOS POLAR COLOMBIA SAS  ;41268;1742400
   830006735-3;ALIMENTOS POLAR COLOMBIA SAS  ;41284;1685376
   830006735-3;ALIMENTOS POLAR COLOMBIA SAS  ;41329;13449150
   830006735-3;ALIMENTOS POLAR COLOMBIA SAS  ;41352;4039201
   830006735-3;ALIMENTOS POLAR COLOMBIA SAS  ;41355;6182847
   830006735-3;ALIMENTOS POLAR COLOMBIA SAS  ;41362;119312357
   830006735-3;ALIMENTOS POLAR COLOMBIA SAS  ;41363;95565232
   830006735-3;ALIMENTOS POLAR COLOMBIA SAS  ;41364;1771000
   830006735-3;ALIMENTOS POLAR COLOMBIA SAS  ;41440;118459953
   830006735-3;ALIMENTOS POLAR COLOMBIA SAS  ;41443;2859120
   830006735-3;ALIMENTOS POLAR COLOMBIA SAS  ;41465;1732500
   830006735-3;ALIMENTOS POLAR COLOMBIA SAS  ;41466;1039500
   830006735-3;ALIMENTOS POLAR COLOMBIA SAS  ;41468;6451419
   830006735-3;ALIMENTOS POLAR COLOMBIA SAS  ;41492;97994385
   830006735-3;ALIMENTOS POLAR COLOMBIA SAS  ;41521;1980000
   830006735-3;ALIMENTOS POLAR COLOMBIA SAS  ;41531;343530
   830006735-3;ALIMENTOS POLAR COLOMBIA SAS  ;41547;29114118
   830006735-3;ALIMENTOS POLAR COLOMBIA SAS  ;41569;20743470
   830006735-3;ALIMENTOS POLAR COLOMBIA SAS  ;41603;9008891
   830006735-3;ALIMENTOS POLAR COLOMBIA SAS  ;41657;130162327
   830006735-3;ALIMENTOS POLAR COLOMBIA SAS  ;41664;17082451
   830006735-3;ALIMENTOS POLAR COLOMBIA SAS  ;41665;228181924
   830006735-3;ALIMENTOS POLAR COLOMBIA SAS  ;41709;1980000
   830006735-3;ALIMENTOS POLAR COLOMBIA SAS  ;41710;1742400
   830006735-3;ALIMENTOS POLAR COLOMBIA SAS  ;41716;9259470
   830006735-3;ALIMENTOS POLAR COLOMBIA SAS  ;41728;183705056
   830006735-3;ALIMENTOS POLAR COLOMBIA SAS  ;41747;1692964
   830006735-3;ALIMENTOS POLAR COLOMBIA SAS  ;41821;5856840
   830006735-3;ALIMENTOS POLAR COLOMBIA SAS  ;41822;3980000
   830006735-3;ALIMENTOS POLAR COLOMBIA SAS  ;41867;127600469
   830006735-3;ALIMENTOS POLAR COLOMBIA SAS  ;41906;76968956
   830006735-3;ALIMENTOS POLAR COLOMBIA SAS  ;41908;9643788
   830006735-3;ALIMENTOS POLAR COLOMBIA SAS  ;41909;950400
   830006735-3;ALIMENTOS POLAR COLOMBIA SAS  ;41910;1188000
   830006735-3;ALIMENTOS POLAR COLOMBIA SAS  ;41913;2860110
   830006735-3;ALIMENTOS POLAR COLOMBIA SAS  ;41914;2633400
   830006735-3;ALIMENTOS POLAR COLOMBIA SAS  ;41916;635024
   830006735-3;ALIMENTOS POLAR COLOMBIA SAS  ;41917;1430055
   830006735-3;ALIMENTOS POLAR COLOMBIA SAS  ;41923;4952376
   830006735-3;ALIMENTOS POLAR COLOMBIA SAS  ;41924;5082660
   830006735-3;ALIMENTOS POLAR COLOMBIA SAS  ;41926;4493624
   830006735-3;ALIMENTOS POLAR COLOMBIA SAS  ;41927;13397670
   830006735-3;ALIMENTOS POLAR COLOMBIA SAS  ;41929;4131286
   830006735-3;ALIMENTOS POLAR COLOMBIA SAS  ;41957;137100724
   830006735-3;ALIMENTOS POLAR COLOMBIA SAS  ;41963;1980000
   830006735-3;ALIMENTOS POLAR COLOMBIA SAS  ;41965;1675080
   830006735-3;ALIMENTOS POLAR COLOMBIA SAS  ;41975;106996854
   830006735-3;ALIMENTOS POLAR COLOMBIA SAS  ;41976;3267000
   830006735-3;ALIMENTOS POLAR COLOMBIA SAS  ;41997;352440
   890914526-4;ALMACENES FLAMINGO S A        ;15839;1730393
   890914526-4;ALMACENES FLAMINGO S A        ;32293;1236655
   890914526-4;ALMACENES FLAMINGO S A        ;33073;5000361
   890914526-4;ALMACENES FLAMINGO S A        ;33150;1238539
   890914526-4;ALMACENES FLAMINGO S A        ;33189;4500122
   890914526-4;ALMACENES FLAMINGO S A        ;33190;803757
   890914526-4;ALMACENES FLAMINGO S A        ;33191;401879
   890914526-4;ALMACENES FLAMINGO S A        ;33192;401879
   890914526-4;ALMACENES FLAMINGO S A        ;33193;401879
   890914526-4;ALMACENES FLAMINGO S A        ;33194;401879
   890914526-4;ALMACENES FLAMINGO S A        ;33195;401879
   890914526-4;ALMACENES FLAMINGO S A        ;33196;1366325
   890914526-4;ALMACENES FLAMINGO S A        ;33197;803757
   890914526-4;ALMACENES FLAMINGO S A        ;33198;803757
   890914526-4;ALMACENES FLAMINGO S A        ;33199;264442
   890914526-4;ALMACENES FLAMINGO S A        ;33200;401879
   890914526-4;ALMACENES FLAMINGO S A        ;33268;2534927
   890914526-4;ALMACENES FLAMINGO S A        ;33275;803757
   890914526-4;ALMACENES FLAMINGO S A        ;33276;803757
   890914526-4;ALMACENES FLAMINGO S A        ;33278;1205636
   890914526-4;ALMACENES FLAMINGO S A        ;33279;1205636
   890914526-4;ALMACENES FLAMINGO S A        ;33280;1366325
   890914526-4;ALMACENES FLAMINGO S A        ;33281;1607514
   890914526-4;ALMACENES FLAMINGO S A        ;33282;401879
   890914526-4;ALMACENES FLAMINGO S A        ;33283;401879
   890914526-4;ALMACENES FLAMINGO S A        ;33284;401879
   890914526-4;ALMACENES FLAMINGO S A        ;33285;37777
   890914526-4;ALMACENES FLAMINGO S A        ;33462;2639421
   890914526-4;ALMACENES FLAMINGO S A        ;33463;1205636
   890914526-4;ALMACENES FLAMINGO S A        ;33464;1205636
   890914526-4;ALMACENES FLAMINGO S A        ;33465;803757
   890914526-4;ALMACENES FLAMINGO S A        ;33466;803757
   890914526-4;ALMACENES FLAMINGO S A        ;33467;401879
   890914526-4;ALMACENES FLAMINGO S A        ;33468;401879
   890914526-4;ALMACENES FLAMINGO S A        ;33469;401879
   890914526-4;ALMACENES FLAMINGO S A        ;33470;1366325
   890914526-4;ALMACENES FLAMINGO S A        ;33471;401879
   890914526-4;ALMACENES FLAMINGO S A        ;33472;401879
   890914526-4;ALMACENES FLAMINGO S A        ;33473;75555
   890914526-4;ALMACENES FLAMINGO S A        ;33600;2689495
   890914526-4;ALMACENES FLAMINGO S A        ;33601;401879
   890914526-4;ALMACENES FLAMINGO S A        ;33602;401879
   890914526-4;ALMACENES FLAMINGO S A        ;33603;401879
   890914526-4;ALMACENES FLAMINGO S A        ;33604;803757
   890914526-4;ALMACENES FLAMINGO S A        ;33873;3480212
   890914526-4;ALMACENES FLAMINGO S A        ;33874;803757
   890914526-4;ALMACENES FLAMINGO S A        ;33876;803757
   890914526-4;ALMACENES FLAMINGO S A        ;33877;401879
   890914526-4;ALMACENES FLAMINGO S A        ;33878;401879
   890914526-4;ALMACENES FLAMINGO S A        ;33879;1366325
   890914526-4;ALMACENES FLAMINGO S A        ;33880;803757
   890914526-4;ALMACENES FLAMINGO S A        ;33881;401879
   890914526-4;ALMACENES FLAMINGO S A        ;33882;803757
   890914526-4;ALMACENES FLAMINGO S A        ;33883;401879
   890914526-4;ALMACENES FLAMINGO S A        ;33884;803757
   890914526-4;ALMACENES FLAMINGO S A        ;33885;151110
   890914526-4;ALMACENES FLAMINGO S A        ;33944;1574088
   890914526-4;ALMACENES FLAMINGO S A        ;33945;1477097
   890914526-4;ALMACENES FLAMINGO S A        ;33988;2231667
   890914526-4;ALMACENES FLAMINGO S A        ;33989;803757
   890914526-4;ALMACENES FLAMINGO S A        ;33990;803757
   890914526-4;ALMACENES FLAMINGO S A        ;33991;803757
   890914526-4;ALMACENES FLAMINGO S A        ;33992;803757
   890914526-4;ALMACENES FLAMINGO S A        ;33993;401879
   890914526-4;ALMACENES FLAMINGO S A        ;33994;401879
   890914526-4;ALMACENES FLAMINGO S A        ;33995;401879
   890914526-4;ALMACENES FLAMINGO S A        ;33996;1366325
   890914526-4;ALMACENES FLAMINGO S A        ;33997;2411272
   890914526-4;ALMACENES FLAMINGO S A        ;33998;504888
   890914526-4;ALMACENES FLAMINGO S A        ;33999;75555
   890914526-4;ALMACENES FLAMINGO S A        ;34339;3752559
   890914526-4;ALMACENES FLAMINGO S A        ;34340;401879
   890914526-4;ALMACENES FLAMINGO S A        ;34341;401879
   890914526-4;ALMACENES FLAMINGO S A        ;34342;401879
   890914526-4;ALMACENES FLAMINGO S A        ;34343;401879
   890914526-4;ALMACENES FLAMINGO S A        ;34344;1366325
   890914526-4;ALMACENES FLAMINGO S A        ;34345;1205636
   890914526-4;ALMACENES FLAMINGO S A        ;34346;1205636
   890914526-4;ALMACENES FLAMINGO S A        ;34347;401879
   890914526-4;ALMACENES FLAMINGO S A        ;34348;401879
   890914526-4;ALMACENES FLAMINGO S A        ;34349;803757
   890914526-4;ALMACENES FLAMINGO S A        ;34350;803757
   890914526-4;ALMACENES FLAMINGO S A        ;34351;803757
   890914526-4;ALMACENES FLAMINGO S A        ;34352;401879
   890914526-4;ALMACENES FLAMINGO S A        ;34353;1792997
   890914526-4;ALMACENES FLAMINGO S A        ;34463;401879
   890914526-4;ALMACENES FLAMINGO S A        ;34464;401879
   890914526-4;ALMACENES FLAMINGO S A        ;34465;401879
   890914526-4;ALMACENES FLAMINGO S A        ;34466;401879
   890914526-4;ALMACENES FLAMINGO S A        ;34467;401879
   890914526-4;ALMACENES FLAMINGO S A        ;34468;2732649
   890914526-4;ALMACENES FLAMINGO S A        ;34469;803757
   890914526-4;ALMACENES FLAMINGO S A        ;34470;803757
   890914526-4;ALMACENES FLAMINGO S A        ;34471;803757
   890914526-4;ALMACENES FLAMINGO S A        ;34618;2633545
   890914526-4;ALMACENES FLAMINGO S A        ;34619;803757
   890914526-4;ALMACENES FLAMINGO S A        ;34620;803757
   890914526-4;ALMACENES FLAMINGO S A        ;34621;803757
   890914526-4;ALMACENES FLAMINGO S A        ;34622;803757
   890914526-4;ALMACENES FLAMINGO S A        ;34623;401879
   890914526-4;ALMACENES FLAMINGO S A        ;34624;401879
   890914526-4;ALMACENES FLAMINGO S A        ;34625;1366325
   890914526-4;ALMACENES FLAMINGO S A        ;34626;401879
   890914526-4;ALMACENES FLAMINGO S A        ;34627;401879
   890914526-4;ALMACENES FLAMINGO S A        ;34628;401879
   890914526-4;ALMACENES FLAMINGO S A        ;34676;1762083
   890914526-4;ALMACENES FLAMINGO S A        ;34678;803757
   890914526-4;ALMACENES FLAMINGO S A        ;34679;803757
   890914526-4;ALMACENES FLAMINGO S A        ;34680;803757
   890914526-4;ALMACENES FLAMINGO S A        ;34681;401879
   890914526-4;ALMACENES FLAMINGO S A        ;34682;2732649
   890914526-4;ALMACENES FLAMINGO S A        ;34683;401879
   890914526-4;ALMACENES FLAMINGO S A        ;34684;401879
   890914526-4;ALMACENES FLAMINGO S A        ;34685;803757
   890914526-4;ALMACENES FLAMINGO S A        ;34953;1792997
   890914526-4;ALMACENES FLAMINGO S A        ;34954;401879
   890914526-4;ALMACENES FLAMINGO S A        ;34955;401879
   890914526-4;ALMACENES FLAMINGO S A        ;34956;1366325
   890914526-4;ALMACENES FLAMINGO S A        ;34957;803757
   890914526-4;ALMACENES FLAMINGO S A        ;34958;1205636
   890914526-4;ALMACENES FLAMINGO S A        ;34959;539894
   890914526-4;ALMACENES FLAMINGO S A        ;34960;302879
   890914526-4;ALMACENES FLAMINGO S A        ;35078;1823911
   890914526-4;ALMACENES FLAMINGO S A        ;35079;401879
   890914526-4;ALMACENES FLAMINGO S A        ;35081;401879
   890914526-4;ALMACENES FLAMINGO S A        ;35082;803757
   890914526-4;ALMACENES FLAMINGO S A        ;35083;803757
   890914526-4;ALMACENES FLAMINGO S A        ;35084;401879
   890914526-4;ALMACENES FLAMINGO S A        ;35085;2732649
   890914526-4;ALMACENES FLAMINGO S A        ;35086;803757
   890914526-4;ALMACENES FLAMINGO S A        ;35087;401879
   890914526-4;ALMACENES FLAMINGO S A        ;35088;401879
   890914526-4;ALMACENES FLAMINGO S A        ;35089;401879
   890914526-4;ALMACENES FLAMINGO S A        ;35090;401879
   890914526-4;ALMACENES FLAMINGO S A        ;35286;1957834
   890914526-4;ALMACENES FLAMINGO S A        ;35287;401879
   890914526-4;ALMACENES FLAMINGO S A        ;35396;1613391
   890914526-4;ALMACENES FLAMINGO S A        ;35402;2732649
   890914526-4;ALMACENES FLAMINGO S A        ;35407;1724744
   890914526-4;ALMACENES FLAMINGO S A        ;35408;1724744
   890914526-4;ALMACENES FLAMINGO S A        ;35624;1799117
   890914526-4;ALMACENES FLAMINGO S A        ;35791;1496077
   890914526-4;ALMACENES FLAMINGO S A        ;35985;2546924
   890914526-4;ALMACENES FLAMINGO S A        ;38162;2078837
   890914526-4;ALMACENES FLAMINGO S A        ;38555;938193
   890914526-4;ALMACENES FLAMINGO S A        ;37315;1391607
   860010973-4;ALMACENES GENERALES DE DEPOSIT;41959;4455000
   900078003-2;AMCOR HOLDINGS AUSTRALIA PTY L;40900;9405000
   900078003-2;AMCOR HOLDINGS AUSTRALIA PTY L;40902;24750
   900078003-2;AMCOR HOLDINGS AUSTRALIA PTY L;40904;9329760
   900078003-2;AMCOR HOLDINGS AUSTRALIA PTY L;41014;1591920
   900078003-2;AMCOR HOLDINGS AUSTRALIA PTY L;41015;3350655
   900078003-2;AMCOR HOLDINGS AUSTRALIA PTY L;41016;3185820
   900078003-2;AMCOR HOLDINGS AUSTRALIA PTY L;41020;5940000
   900078003-2;AMCOR HOLDINGS AUSTRALIA PTY L;41021;7722000
   900078003-2;AMCOR HOLDINGS AUSTRALIA PTY L;41022;1894860
   900078003-2;AMCOR HOLDINGS AUSTRALIA PTY L;41023;1894860
   900078003-2;AMCOR HOLDINGS AUSTRALIA PTY L;41157;2475000
   900078003-2;AMCOR HOLDINGS AUSTRALIA PTY L;41197;8183340
   900078003-2;AMCOR HOLDINGS AUSTRALIA PTY L;41506;13776840
   900078003-2;AMCOR HOLDINGS AUSTRALIA PTY L;41507;110880
   900078003-2;AMCOR HOLDINGS AUSTRALIA PTY L;41528;15715260
   900078003-2;AMCOR HOLDINGS AUSTRALIA PTY L;41676;16054335
   900078003-2;AMCOR HOLDINGS AUSTRALIA PTY L;41871;11012760
   900078003-2;AMCOR HOLDINGS AUSTRALIA PTY L;41872;1683000
   800041723-4;AMCOR RIGID PACKAGING DE COLOM;32454;26243388
   800041723-4;AMCOR RIGID PACKAGING DE COLOM;40812;17206200
   800041723-4;AMCOR RIGID PACKAGING DE COLOM;40815;17245800
   800041723-4;AMCOR RIGID PACKAGING DE COLOM;40816;11404800
   800041723-4;AMCOR RIGID PACKAGING DE COLOM;40817;18780300
   800041723-4;AMCOR RIGID PACKAGING DE COLOM;40818;9771300
   800041723-4;AMCOR RIGID PACKAGING DE COLOM;40819;3682800
   800041723-4;AMCOR RIGID PACKAGING DE COLOM;40852;1188000
   800041723-4;AMCOR RIGID PACKAGING DE COLOM;40868;3118500
   800041723-4;AMCOR RIGID PACKAGING DE COLOM;40869;6534000
   800041723-4;AMCOR RIGID PACKAGING DE COLOM;40870;1534500
   800041723-4;AMCOR RIGID PACKAGING DE COLOM;40881;2574000
   800041723-4;AMCOR RIGID PACKAGING DE COLOM;40953;1039500
   800041723-4;AMCOR RIGID PACKAGING DE COLOM;40957;17661600
   800041723-4;AMCOR RIGID PACKAGING DE COLOM;40962;1593900
   800041723-4;AMCOR RIGID PACKAGING DE COLOM;40986;11137500
   800041723-4;AMCOR RIGID PACKAGING DE COLOM;40987;9553500
   800041723-4;AMCOR RIGID PACKAGING DE COLOM;40988;3960000
   800041723-4;AMCOR RIGID PACKAGING DE COLOM;41047;2970000
   800041723-4;AMCOR RIGID PACKAGING DE COLOM;41121;13216500
   800041723-4;AMCOR RIGID PACKAGING DE COLOM;41122;12325500
   800041723-4;AMCOR RIGID PACKAGING DE COLOM;41142;6360750
   800041723-4;AMCOR RIGID PACKAGING DE COLOM;41164;6454800
   800041723-4;AMCOR RIGID PACKAGING DE COLOM;41215;26413200
   800041723-4;AMCOR RIGID PACKAGING DE COLOM;41217;2376000
   800041723-4;AMCOR RIGID PACKAGING DE COLOM;41218;198000
   800041723-4;AMCOR RIGID PACKAGING DE COLOM;41230;3613500
   800041723-4;AMCOR RIGID PACKAGING DE COLOM;41431;19770300
   800041723-4;AMCOR RIGID PACKAGING DE COLOM;41432;12474000
   800041723-4;AMCOR RIGID PACKAGING DE COLOM;41433;14256000
   800041723-4;AMCOR RIGID PACKAGING DE COLOM;41434;13909500
   800041723-4;AMCOR RIGID PACKAGING DE COLOM;41435;4752000
   800041723-4;AMCOR RIGID PACKAGING DE COLOM;41441;1980000
   800041723-4;AMCOR RIGID PACKAGING DE COLOM;41442;3069000
   800041723-4;AMCOR RIGID PACKAGING DE COLOM;41620;1881000
   800041723-4;AMCOR RIGID PACKAGING DE COLOM;41623;18542700
   800041723-4;AMCOR RIGID PACKAGING DE COLOM;41624;24037200
   800041723-4;AMCOR RIGID PACKAGING DE COLOM;41625;11187000
   800041723-4;AMCOR RIGID PACKAGING DE COLOM;41627;2970000
   800041723-4;AMCOR RIGID PACKAGING DE COLOM;41632;23235300
   800041723-4;AMCOR RIGID PACKAGING DE COLOM;41633;14652000
   800041723-4;AMCOR RIGID PACKAGING DE COLOM;41666;3960000
   800041723-4;AMCOR RIGID PACKAGING DE COLOM;41667;990000
   800041723-4;AMCOR RIGID PACKAGING DE COLOM;41669;6009300
   800041723-4;AMCOR RIGID PACKAGING DE COLOM;41759;13365000
   800041723-4;AMCOR RIGID PACKAGING DE COLOM;41840;3663000
   800041723-4;AMCOR RIGID PACKAGING DE COLOM;41854;23166000
   800041723-4;AMCOR RIGID PACKAGING DE COLOM;41855;14275800
   800041723-4;AMCOR RIGID PACKAGING DE COLOM;41857;4752000
   800041723-4;AMCOR RIGID PACKAGING DE COLOM;41864;2376000
   800041723-4;AMCOR RIGID PACKAGING DE COLOM;41870;1188000
   800041723-4;AMCOR RIGID PACKAGING DE COLOM;41873;1386000
   800041723-4;AMCOR RIGID PACKAGING DE COLOM;41899;18211050
   830043084-4;C I CARBOCOQUE S A            ;40062;5385600
   830043084-4;C I CARBOCOQUE S A            ;40063;5647010
   830043084-4;C I CARBOCOQUE S A            ;40064;5540832
   830043084-4;C I CARBOCOQUE S A            ;40266;5281056
   830043084-4;C I CARBOCOQUE S A            ;40267;5300064
   830043084-4;C I CARBOCOQUE S A            ;40318;5401440
   830043084-4;C I CARBOCOQUE S A            ;40319;5707449
   830043084-4;C I CARBOCOQUE S A            ;40320;5648643
   830043084-4;C I CARBOCOQUE S A            ;40321;5469008
   830043084-4;C I CARBOCOQUE S A            ;40322;5691114
   830043084-4;C I CARBOCOQUE S A            ;40323;5439456
   830043084-4;C I CARBOCOQUE S A            ;40324;5334912
   830043084-4;C I CARBOCOQUE S A            ;40540;5466384
   830043084-4;C I CARBOCOQUE S A            ;40541;4997025
   830043084-4;C I CARBOCOQUE S A            ;40543;5691114
   830043084-4;C I CARBOCOQUE S A            ;40544;5650128
   830043084-4;C I CARBOCOQUE S A            ;40545;4893966
   830043084-4;C I CARBOCOQUE S A            ;40546;5300262
   830043084-4;C I CARBOCOQUE S A            ;40547;5369562
   830043084-4;C I CARBOCOQUE S A            ;40553;5317488
   830043084-4;C I CARBOCOQUE S A            ;40767;4946733
   830043084-4;C I CARBOCOQUE S A            ;40768;4921686
   830043084-4;C I CARBOCOQUE S A            ;40769;4985492
   830043084-4;C I CARBOCOQUE S A            ;40770;4857732
   830043084-4;C I CARBOCOQUE S A            ;40840;4751208
   830043084-4;C I CARBOCOQUE S A            ;40841;4724874
   830043084-4;C I CARBOCOQUE S A            ;40842;4716558
   830043084-4;C I CARBOCOQUE S A            ;40843;4706856
   830043084-4;C I CARBOCOQUE S A            ;40844;4771998
   830043084-4;C I CARBOCOQUE S A            ;40845;4989798
   830043084-4;C I CARBOCOQUE S A            ;40846;4735962
   830043084-4;C I CARBOCOQUE S A            ;40847;4988362
   830043084-4;C I CARBOCOQUE S A            ;40848;4876394
   830043084-4;C I CARBOCOQUE S A            ;40849;4949604
   830043084-4;C I CARBOCOQUE S A            ;40925;4752594
   830043084-4;C I CARBOCOQUE S A            ;40926;4597362
   830043084-4;C I CARBOCOQUE S A            ;40927;4771998
   830043084-4;C I CARBOCOQUE S A            ;40928;4826052
   830043084-4;C I CARBOCOQUE S A            ;40930;4916588
   830043084-4;C I CARBOCOQUE S A            ;40931;4906539
   830043084-4;C I CARBOCOQUE S A            ;40932;4952178
   830043084-4;C I CARBOCOQUE S A            ;40933;5065880
   830043084-4;C I CARBOCOQUE S A            ;40934;4976878
   830043084-4;C I CARBOCOQUE S A            ;40935;5019944
   830043084-4;C I CARBOCOQUE S A            ;40936;4769226
   830043084-4;C I CARBOCOQUE S A            ;40937;4877829
   830043084-4;C I CARBOCOQUE S A            ;40938;4995540
   830043084-4;C I CARBOCOQUE S A            ;40939;4932378
   830043084-4;C I CARBOCOQUE S A            ;40985;4841942
   830043084-4;C I CARBOCOQUE S A            ;41126;4694382
   830043084-4;C I CARBOCOQUE S A            ;41139;4788630
   830043084-4;C I CARBOCOQUE S A            ;41143;4976878
   830043084-4;C I CARBOCOQUE S A            ;41144;4734576
   830043084-4;C I CARBOCOQUE S A            ;41145;4824666
   830043084-4;C I CARBOCOQUE S A            ;41148;4795560
   830043084-4;C I CARBOCOQUE S A            ;41149;4969701
   830043084-4;C I CARBOCOQUE S A            ;41150;4704084
   830043084-4;C I CARBOCOQUE S A            ;41177;4994104
   830043084-4;C I CARBOCOQUE S A            ;41179;5047218
   830043084-4;C I CARBOCOQUE S A            ;41180;4676364
   830043084-4;C I CARBOCOQUE S A            ;41181;4989600
   830043084-4;C I CARBOCOQUE S A            ;41182;4986927
   830043084-4;C I CARBOCOQUE S A            ;41183;4945298
   830043084-4;C I CARBOCOQUE S A            ;41184;4961088
   830043084-4;C I CARBOCOQUE S A            ;41185;4923765
   830043084-4;C I CARBOCOQUE S A            ;41186;4727646
   830043084-4;C I CARBOCOQUE S A            ;41226;4847684
   830043084-4;C I CARBOCOQUE S A            ;41227;4880700
   830043084-4;C I CARBOCOQUE S A            ;41395;4681908
   830043084-4;C I CARBOCOQUE S A            ;41396;4691610
   830043084-4;C I CARBOCOQUE S A            ;41397;4851000
   830043084-4;C I CARBOCOQUE S A            ;41399;4741506
   830043084-4;C I CARBOCOQUE S A            ;41400;4755366
   830043084-4;C I CARBOCOQUE S A            ;41401;4952475
   830043084-4;C I CARBOCOQUE S A            ;41402;5011330
   830043084-4;C I CARBOCOQUE S A            ;41403;4903668
   830043084-4;C I CARBOCOQUE S A            ;41404;4844812
   830043084-4;C I CARBOCOQUE S A            ;41436;4882136
   830043084-4;C I CARBOCOQUE S A            ;41448;4841942
   830043084-4;C I CARBOCOQUE S A            ;41451;4925200
   830043084-4;C I CARBOCOQUE S A            ;41452;4999846
   830043084-4;C I CARBOCOQUE S A            ;41453;4683294
   830043084-4;C I CARBOCOQUE S A            ;41454;4935249
   830043084-4;C I CARBOCOQUE S A            ;41455;5009895
   830043084-4;C I CARBOCOQUE S A            ;41493;4923765
   830043084-4;C I CARBOCOQUE S A            ;41559;4698540
   830043084-4;C I CARBOCOQUE S A            ;41560;5002718
   830043084-4;C I CARBOCOQUE S A            ;41565;5121864
   830043084-4;C I CARBOCOQUE S A            ;41647;4647258
   830043084-4;C I CARBOCOQUE S A            ;41713;4854861
   830043084-4;C I CARBOCOQUE S A            ;41724;4870652
   830043084-4;C I CARBOCOQUE S A            ;41814;4927082
   830043084-4;C I CARBOCOQUE S A            ;41834;4968266
   830043084-4;C I CARBOCOQUE S A            ;41836;4953910
   830043084-4;C I CARBOCOQUE S A            ;41837;4949604
   830043084-4;C I CARBOCOQUE S A            ;41838;4962524
   830043084-4;C I CARBOCOQUE S A            ;41839;4692996
   830043084-4;C I CARBOCOQUE S A            ;41841;5021379
   900901001-9;CALA COLOMBIA S.A.S.          ;40974;14196600
   900901001-9;CALA COLOMBIA S.A.S.          ;41221;11539440
   900901001-9;CALA COLOMBIA S.A.S.          ;41222;5024250
   900901001-9;CALA COLOMBIA S.A.S.          ;41288;1534500
   900901001-9;CALA COLOMBIA S.A.S.          ;41450;13072950
   900901001-9;CALA COLOMBIA S.A.S.          ;41456;4811400
   900901001-9;CALA COLOMBIA S.A.S.          ;41520;26425080
   900901001-9;CALA COLOMBIA S.A.S.          ;41574;4653000
   900901001-9;CALA COLOMBIA S.A.S.          ;41818;4969800
   900901001-9;CALA COLOMBIA S.A.S.          ;41859;3385800
   900901001-9;CALA COLOMBIA S.A.S.          ;41860;2146320
   900901001-9;CALA COLOMBIA S.A.S.          ;41942;1534500
   901380949-1;CARIBEMAR DE LA COSTA SAS ESP ;40921;53836200
   901380949-1;CARIBEMAR DE LA COSTA SAS ESP ;40924;64902816
   901380949-1;CARIBEMAR DE LA COSTA SAS ESP ;41024;13900590
   901380949-1;CARIBEMAR DE LA COSTA SAS ESP ;41025;13266000
   901380949-1;CARIBEMAR DE LA COSTA SAS ESP ;41026;13266000
   901380949-1;CARIBEMAR DE LA COSTA SAS ESP ;41027;29700000
   901380949-1;CARIBEMAR DE LA COSTA SAS ESP ;41030;13266000
   901380949-1;CARIBEMAR DE LA COSTA SAS ESP ;41031;71920530
   901380949-1;CARIBEMAR DE LA COSTA SAS ESP ;41032;57111615
   901380949-1;CARIBEMAR DE LA COSTA SAS ESP ;41033;21443400
   901380949-1;CARIBEMAR DE LA COSTA SAS ESP ;41034;29700000
   901380949-1;CARIBEMAR DE LA COSTA SAS ESP ;41035;9943560
   901380949-1;CARIBEMAR DE LA COSTA SAS ESP ;41042;13018500
   901380949-1;CARIBEMAR DE LA COSTA SAS ESP ;41044;4771800
   901380949-1;CARIBEMAR DE LA COSTA SAS ESP ;41048;9943560
   901380949-1;CARIBEMAR DE LA COSTA SAS ESP ;41054;16968600
   901380949-1;CARIBEMAR DE LA COSTA SAS ESP ;41055;14731200
   901380949-1;CARIBEMAR DE LA COSTA SAS ESP ;41062;27066600
   901380949-1;CARIBEMAR DE LA COSTA SAS ESP ;41063;9872280
   901380949-1;CARIBEMAR DE LA COSTA SAS ESP ;41068;27609120
   901380949-1;CARIBEMAR DE LA COSTA SAS ESP ;41069;27126000
   901380949-1;CARIBEMAR DE LA COSTA SAS ESP ;41786;67404116
   901380949-1;CARIBEMAR DE LA COSTA SAS ESP ;41787;28297170
   901380949-1;CARIBEMAR DE LA COSTA SAS ESP ;41788;12525480
   901380949-1;CARIBEMAR DE LA COSTA SAS ESP ;41796;7979400
   901380949-1;CARIBEMAR DE LA COSTA SAS ESP ;41797;25447950
   901380949-1;CARIBEMAR DE LA COSTA SAS ESP ;41798;13900590
   901380949-1;CARIBEMAR DE LA COSTA SAS ESP ;41799;15166800
   901380949-1;CARIBEMAR DE LA COSTA SAS ESP ;41800;152895600
   901380949-1;CARIBEMAR DE LA COSTA SAS ESP ;41801;23735895
   901380949-1;CARIBEMAR DE LA COSTA SAS ESP ;41813;49274280
   901380949-1;CARIBEMAR DE LA COSTA SAS ESP ;41827;63510480
   901380949-1;CARIBEMAR DE LA COSTA SAS ESP ;41828;39314943
   901380949-1;CARIBEMAR DE LA COSTA SAS ESP ;41829;34848990
   901380949-1;CARIBEMAR DE LA COSTA SAS ESP ;41830;7444800
   901380949-1;CARIBEMAR DE LA COSTA SAS ESP ;41832;31163220
   901380949-1;CARIBEMAR DE LA COSTA SAS ESP ;41833;6256800
   900900469-7;CENTRO DE FORMACION DE ACTORES;41383;57900000
   900900469-7;CENTRO DE FORMACION DE ACTORES;41384;300002
   900900469-7;CENTRO DE FORMACION DE ACTORES;41385;221371
   860030808-2;CHAMPIONX DE COLOMBIA LTDA    ;41615;1737000
   890301884-5;COLOMBINA S A                 ;40951;3861000
   890301884-5;COLOMBINA S A                 ;41050;3861000
   890301884-5;COLOMBINA S A                 ;41096;5445000
   890301884-5;COLOMBINA S A                 ;41189;1584000
   890301884-5;COLOMBINA S A                 ;41190;5445000
   890301884-5;COLOMBINA S A                 ;41191;3861000
   890301884-5;COLOMBINA S A                 ;41198;716190
   890301884-5;COLOMBINA S A                 ;41199;716190
   890301884-5;COLOMBINA S A                 ;41200;100138
   890301884-5;COLOMBINA S A                 ;41201;123700
   890301884-5;COLOMBINA S A                 ;41211;716190
   890301884-5;COLOMBINA S A                 ;41213;153153
   890301884-5;COLOMBINA S A                 ;41290;1584000
   890301884-5;COLOMBINA S A                 ;41291;1584000
   890301884-5;COLOMBINA S A                 ;41292;5445000
   890301884-5;COLOMBINA S A                 ;41398;3861000
   890301884-5;COLOMBINA S A                 ;41462;1435500
   890301884-5;COLOMBINA S A                 ;41463;3861000
   890301884-5;COLOMBINA S A                 ;41467;1346400
   890301884-5;COLOMBINA S A                 ;41518;1584000
   890301884-5;COLOMBINA S A                 ;41519;6138000
   890301884-5;COLOMBINA S A                 ;41628;1584000
   890301884-5;COLOMBINA S A                 ;41629;3861000
   890301884-5;COLOMBINA S A                 ;41744;238671
   890301884-5;COLOMBINA S A                 ;41767;3861000
   890301884-5;COLOMBINA S A                 ;41769;1584000
   890301884-5;COLOMBINA S A                 ;41874;3861000
   890301884-5;COLOMBINA S A                 ;41875;3861000
   890301884-5;COLOMBINA S A                 ;41876;940500
   890301884-5;COLOMBINA S A                 ;41931;5445000
   890301884-5;COLOMBINA S A                 ;41932;3861000
   890301884-5;COLOMBINA S A                 ;41933;1584000
   811036030-9;COMPANIA NACIONAL DE CHOCOLATE;41379;8474400
   811036030-9;COMPANIA NACIONAL DE CHOCOLATE;41416;8474400
   811036030-9;COMPANIA NACIONAL DE CHOCOLATE;41417;8474400
   811036030-9;COMPANIA NACIONAL DE CHOCOLATE;41644;5920200
   811036030-9;COMPANIA NACIONAL DE CHOCOLATE;41683;8474400
   811036030-9;COMPANIA NACIONAL DE CHOCOLATE;41684;8474400
   811036030-9;COMPANIA NACIONAL DE CHOCOLATE;41685;8474400
   811036030-9;COMPANIA NACIONAL DE CHOCOLATE;41868;8474400
   811036030-9;COMPANIA NACIONAL DE CHOCOLATE;41869;20196000
   811036030-9;COMPANIA NACIONAL DE CHOCOLATE;41891;8474400
   811036030-9;COMPANIA NACIONAL DE CHOCOLATE;41892;8474400
   811036030-9;COMPANIA NACIONAL DE CHOCOLATE;41988;20196000
   900179369-6;CONFIPETROL S.A.S             ;39623;5088000
   900899437-8;CONSORCIO ANTIOQUIA AL MAR    ;41678;12751200
   900899437-8;CONSORCIO ANTIOQUIA AL MAR    ;41730;12751200
   900899437-8;CONSORCIO ANTIOQUIA AL MAR    ;41842;13365000
   901763298-1;CONSORCIO CYS                 ;41337;261866750
   901763298-1;CONSORCIO CYS                 ;41338;81703308
   901763298-1;CONSORCIO CYS                 ;41616;357217516
   901763298-1;CONSORCIO CYS                 ;41617;21229999
   901688220-5;CONSORCIO ITC INGENIERIA      ;41810;11017181
   901688220-5;CONSORCIO ITC INGENIERIA      ;41877;25513488
   901814461-4;CONSORCIO METALMEC            ;41831;11290500
   900521016-8;CONSTRU IMPORTADOS S A S      ;41354;11880000
   900521016-8;CONSTRU IMPORTADOS S A S      ;41835;4059000
   890904478-6;COOPERATIVA COLANTA LTDA      ;40164;330308
   890904478-6;COOPERATIVA COLANTA LTDA      ;41376;30189571
   890904478-6;COOPERATIVA COLANTA LTDA      ;41377;31016567
   890904478-6;COOPERATIVA COLANTA LTDA      ;41378;13798023
   890904478-6;COOPERATIVA COLANTA LTDA      ;41382;383065
   890904478-6;COOPERATIVA COLANTA LTDA      ;41386;1496231
   890904478-6;COOPERATIVA COLANTA LTDA      ;41464;25841777
   890904478-6;COOPERATIVA COLANTA LTDA      ;41470;29944206
   890904478-6;COOPERATIVA COLANTA LTDA      ;41478;5557279
   890904478-6;COOPERATIVA COLANTA LTDA      ;41481;5622220
   890904478-6;COOPERATIVA COLANTA LTDA      ;41482;5622220
   890904478-6;COOPERATIVA COLANTA LTDA      ;41483;2068542
   890904478-6;COOPERATIVA COLANTA LTDA      ;41484;2811110
   890904478-6;COOPERATIVA COLANTA LTDA      ;41485;12596851
   890904478-6;COOPERATIVA COLANTA LTDA      ;41486;2811110
   890904478-6;COOPERATIVA COLANTA LTDA      ;41487;2811110
   890904478-6;COOPERATIVA COLANTA LTDA      ;41501;10391998
   890904478-6;COOPERATIVA COLANTA LTDA      ;41503;1021444
   890904478-6;COOPERATIVA COLANTA LTDA      ;41534;30819349
   890904478-6;COOPERATIVA COLANTA LTDA      ;41538;31307640
   890904478-6;COOPERATIVA COLANTA LTDA      ;41539;12205706
   890904478-6;COOPERATIVA COLANTA LTDA      ;41544;487792
   890904478-6;COOPERATIVA COLANTA LTDA      ;41545;427483
   890904478-6;COOPERATIVA COLANTA LTDA      ;41546;5014181
   890904478-6;COOPERATIVA COLANTA LTDA      ;41557;968189
   890904478-6;COOPERATIVA COLANTA LTDA      ;41563;29963373
   890904478-6;COOPERATIVA COLANTA LTDA      ;41564;31023103
   890904478-6;COOPERATIVA COLANTA LTDA      ;41566;31937053
   890904478-6;COOPERATIVA COLANTA LTDA      ;41571;1670467
   890904478-6;COOPERATIVA COLANTA LTDA      ;41573;2650353
   890904478-6;COOPERATIVA COLANTA LTDA      ;41608;2445307
   890904478-6;COOPERATIVA COLANTA LTDA      ;41704;30582272
   890904478-6;COOPERATIVA COLANTA LTDA      ;41705;30921042
   890904478-6;COOPERATIVA COLANTA LTDA      ;41707;24796179
   890904478-6;COOPERATIVA COLANTA LTDA      ;41729;2397741
   890904478-6;COOPERATIVA COLANTA LTDA      ;41731;32003506
   890904478-6;COOPERATIVA COLANTA LTDA      ;41732;31666987
   890904478-6;COOPERATIVA COLANTA LTDA      ;41733;30472922
   890904478-6;COOPERATIVA COLANTA LTDA      ;41741;29864202
   890904478-6;COOPERATIVA COLANTA LTDA      ;41742;7843783
   890904478-6;COOPERATIVA COLANTA LTDA      ;41755;792713
   890904478-6;COOPERATIVA COLANTA LTDA      ;41756;2992381
   890904478-6;COOPERATIVA COLANTA LTDA      ;41760;7263031
   890904478-6;COOPERATIVA COLANTA LTDA      ;41847;2068542
   890904478-6;COOPERATIVA COLANTA LTDA      ;41848;5622220
   890904478-6;COOPERATIVA COLANTA LTDA      ;41849;8433330
   890904478-6;COOPERATIVA COLANTA LTDA      ;41850;2068542
   890904478-6;COOPERATIVA COLANTA LTDA      ;41851;5622220
   890904478-6;COOPERATIVA COLANTA LTDA      ;41852;4198950
   890904478-6;COOPERATIVA COLANTA LTDA      ;41853;4198950
   890904478-6;COOPERATIVA COLANTA LTDA      ;41928;30441623
   890904478-6;COOPERATIVA COLANTA LTDA      ;41934;32615225
   890904478-6;COOPERATIVA COLANTA LTDA      ;41937;23427457
   890904478-6;COOPERATIVA COLANTA LTDA      ;41945;3867423
   890904478-6;COOPERATIVA COLANTA LTDA      ;41946;32001852
   890904478-6;COOPERATIVA COLANTA LTDA      ;41947;29714604
   890904478-6;COOPERATIVA COLANTA LTDA      ;41948;29897305
   890904478-6;COOPERATIVA COLANTA LTDA      ;41949;2811110
   890904478-6;COOPERATIVA COLANTA LTDA      ;41950;2811115
   890904478-6;COOPERATIVA COLANTA LTDA      ;41951;2811110
   890904478-6;COOPERATIVA COLANTA LTDA      ;41952;4198950
   890904478-6;COOPERATIVA COLANTA LTDA      ;41953;19772207
   890904478-6;COOPERATIVA COLANTA LTDA      ;41954;4198950
   890904478-6;COOPERATIVA COLANTA LTDA      ;41961;21947669
   890904478-6;COOPERATIVA COLANTA LTDA      ;42005;30845825
   890904478-6;COOPERATIVA COLANTA LTDA      ;42006;27629729
   890904478-6;COOPERATIVA COLANTA LTDA      ;42013;31343634
   890904478-6;COOPERATIVA COLANTA LTDA      ;42014;30955628
   890904478-6;COOPERATIVA COLANTA LTDA      ;42015;19757974
   890904478-6;COOPERATIVA COLANTA LTDA      ;42016;8367787
   890904478-6;COOPERATIVA COLANTA LTDA      ;42019;1914470
   800093455-8;CORPORACION CENTRO DE CIENCIA ;41968;897450
   800134371-5;CORTEACEROS SA                ;41672;247500
   800134371-5;CORTEACEROS SA                ;41743;4248783
   900260192-5;DISTRIBUIDORA BRAHMAN SAS     ;41097;47661372
   900260192-5;DISTRIBUIDORA BRAHMAN SAS     ;41356;25633080
   900260192-5;DISTRIBUIDORA BRAHMAN SAS     ;41941;3465000
   800114140-5;DISTRIBUIDORA DE COLORANTES Y ;41670;4554000
   800114140-5;DISTRIBUIDORA DE COLORANTES Y ;41671;643500
   800114140-5;DISTRIBUIDORA DE COLORANTES Y ;42003;2920500
   800114140-5;DISTRIBUIDORA DE COLORANTES Y ;42004;4356000
   900160948-7;DOBLACERO S.A.S.              ;41594;3564000
   900933906-6;DYD LOGISTICA Y EMPAQUES SAS  ;49147;1584000
   900933906-6;DYD LOGISTICA Y EMPAQUES SAS  ;49158;1584000
   900098858-8;ECCOSIS INGENIERIA S.A.S      ;41204;708374
   900098858-8;ECCOSIS INGENIERIA S.A.S      ;41930;1416747
   900502758-3;ECO - DESARROLLOS MINEROS S.A.;46113;2197000
   900502758-3;ECO - DESARROLLOS MINEROS S.A.;46138;3465000
   890909001-1;EMPRESA DE DISTRIBUCIONES INDU;39939;180976
   890909001-1;EMPRESA DE DISTRIBUCIONES INDU;40188;1305834
   890909001-1;EMPRESA DE DISTRIBUCIONES INDU;41740;3663000
   890909001-1;EMPRESA DE DISTRIBUCIONES INDU;41762;425700
   890909001-1;EMPRESA DE DISTRIBUCIONES INDU;41783;3118500
   890909001-1;EMPRESA DE DISTRIBUCIONES INDU;41785;7642800
   890909001-1;EMPRESA DE DISTRIBUCIONES INDU;41789;7920000
   890909001-1;EMPRESA DE DISTRIBUCIONES INDU;41792;2574000
   890909001-1;EMPRESA DE DISTRIBUCIONES INDU;41858;2871000
   890909001-1;EMPRESA DE DISTRIBUCIONES INDU;41884;4989600
   890909001-1;EMPRESA DE DISTRIBUCIONES INDU;41888;6039000
   890909001-1;EMPRESA DE DISTRIBUCIONES INDU;41893;1089000
   890909001-1;EMPRESA DE DISTRIBUCIONES INDU;41903;891000
   890909001-1;EMPRESA DE DISTRIBUCIONES INDU;41904;594000
   890909001-1;EMPRESA DE DISTRIBUCIONES INDU;41915;3564000
   890909001-1;EMPRESA DE DISTRIBUCIONES INDU;41972;4554000
   890909001-1;EMPRESA DE DISTRIBUCIONES INDU;41974;2960100
   890909001-1;EMPRESA DE DISTRIBUCIONES INDU;41990;3069000
   890909001-1;EMPRESA DE DISTRIBUCIONES INDU;42007;3564000
   890909001-1;EMPRESA DE DISTRIBUCIONES INDU;42008;5841000
   890909001-1;EMPRESA DE DISTRIBUCIONES INDU;42012;5742000
   890909001-1;EMPRESA DE DISTRIBUCIONES INDU;42023;1465200
   860007538-2;FEDERACION NACIONAL DE CAFETER;41445;20416978
   860007538-2;FEDERACION NACIONAL DE CAFETER;41581;8877825
   860007538-2;FEDERACION NACIONAL DE CAFETER;41582;2752992
   860007538-2;FEDERACION NACIONAL DE CAFETER;41745;9764934
   860007538-2;FEDERACION NACIONAL DE CAFETER;41749;5487768
   860007538-2;FEDERACION NACIONAL DE CAFETER;41863;8877825
   860007538-2;FEDERACION NACIONAL DE CAFETER;41919;19529869
   860007538-2;FEDERACION NACIONAL DE CAFETER;41920;2737152
   860007538-2;FEDERACION NACIONAL DE CAFETER;42009;5326022
   811025635-7;FEELING COMPANY S.A.S         ;40253;1158000
   811025635-7;FEELING COMPANY S.A.S         ;41242;810600
   890913555-3;FERROINDUSTRIAL S.A.          ;41584;9877329
   890913555-3;FERROINDUSTRIAL S.A.          ;41695;5078363
   901283538-2;FIBROTEX DE COLOMBIA SAS      ;40755;2596900
   901283538-2;FIBROTEX DE COLOMBIA SAS      ;41053;3791700
   901283538-2;FIBROTEX DE COLOMBIA SAS      ;41293;3197700
   901283538-2;FIBROTEX DE COLOMBIA SAS      ;41294;3791700
   901283538-2;FIBROTEX DE COLOMBIA SAS      ;41295;3593700
   891408584-5;FRSIBY SA                     ;41264;4059000
   891408584-5;FRSIBY SA                     ;41496;4059000
   891408584-5;FRSIBY SA                     ;41883;4059000
   891408584-5;FRSIBY SA                     ;41991;3009600
   900911788-9;FRUTAFINO S A S               ;43858;1888250
   900911788-9;FRUTAFINO S A S               ;47982;5395500
   900461819-7;FRUTAS COLOMBIANAS DE EXPORTAC;41739;6217200
   800172871-8;GEOCOL CONSULTORES S.A.       ;41049;16015744
   800172871-8;GEOCOL CONSULTORES S.A.       ;41614;11119953
   891300529-4;GRASAS S A                    ;39199;1633500
   891300529-4;GRASAS S A                    ;40858;628577
   891300529-4;GRASAS S A                    ;41187;4207698
   891300529-4;GRASAS S A                    ;41192;4271355
   891300529-4;GRASAS S A                    ;41193;2530341
   891300529-4;GRASAS S A                    ;41214;1584000
   891300529-4;GRASAS S A                    ;41244;1722600
   891300529-4;GRASAS S A                    ;41407;3544695
   891300529-4;GRASAS S A                    ;41409;6213572
   891300529-4;GRASAS S A                    ;41410;3511530
   891300529-4;GRASAS S A                    ;41411;4260069
   891300529-4;GRASAS S A                    ;41412;3875256
   891300529-4;GRASAS S A                    ;41413;3688430
   891300529-4;GRASAS S A                    ;41414;4456677
   891300529-4;GRASAS S A                    ;41415;1381317
   891300529-4;GRASAS S A                    ;41418;2232450
   891300529-4;GRASAS S A                    ;41419;2267100
   891300529-4;GRASAS S A                    ;41420;3472326
   891300529-4;GRASAS S A                    ;41421;3697466
   891300529-4;GRASAS S A                    ;41422;3820762
   891300529-4;GRASAS S A                    ;41423;1584000
   891300529-4;GRASAS S A                    ;41424;1920600
   891300529-4;GRASAS S A                    ;41425;1980000
   891300529-4;GRASAS S A                    ;41426;1683000
   891300529-4;GRASAS S A                    ;41428;1633500
   891300529-4;GRASAS S A                    ;41460;2421045
   891300529-4;GRASAS S A                    ;41461;1782000
   891300529-4;GRASAS S A                    ;41488;1917630
   891300529-4;GRASAS S A                    ;41499;1485000
   891300529-4;GRASAS S A                    ;41517;444015
   891300529-4;GRASAS S A                    ;41522;3787245
   891300529-4;GRASAS S A                    ;41523;3534003
   891300529-4;GRASAS S A                    ;41524;3578137
   891300529-4;GRASAS S A                    ;41525;3536775
   891300529-4;GRASAS S A                    ;41526;3846645
   891300529-4;GRASAS S A                    ;41527;3514500
   891300529-4;GRASAS S A                    ;41595;2178000
   891300529-4;GRASAS S A                    ;41596;1584000
   891300529-4;GRASAS S A                    ;41597;1910700
   891300529-4;GRASAS S A                    ;41598;2277000
   891300529-4;GRASAS S A                    ;41599;4091513
   891300529-4;GRASAS S A                    ;41605;3437697
   891300529-4;GRASAS S A                    ;41606;5916240
   891300529-4;GRASAS S A                    ;41607;1584000
   891300529-4;GRASAS S A                    ;41609;2601957
   891300529-4;GRASAS S A                    ;41611;1980000
   891300529-4;GRASAS S A                    ;41612;5922378
   891300529-4;GRASAS S A                    ;41619;2023708
   891300529-4;GRASAS S A                    ;41621;1683000
   891300529-4;GRASAS S A                    ;41622;1986336
   891300529-4;GRASAS S A                    ;41626;1918698
   891300529-4;GRASAS S A                    ;41639;1386000
   891300529-4;GRASAS S A                    ;41642;3465693
   891300529-4;GRASAS S A                    ;41643;4267662
   891300529-4;GRASAS S A                    ;41648;2871000
   891300529-4;GRASAS S A                    ;41650;3816344
   891300529-4;GRASAS S A                    ;41668;2570056
   891300529-4;GRASAS S A                    ;41698;1485000
   891300529-4;GRASAS S A                    ;41700;2178000
   891300529-4;GRASAS S A                    ;41701;1683000
   891300529-4;GRASAS S A                    ;41702;1584000
   891300529-4;GRASAS S A                    ;41703;455400
   891300529-4;GRASAS S A                    ;41715;4109638
   891300529-4;GRASAS S A                    ;41717;4267989
   891300529-4;GRASAS S A                    ;41718;4801896
   891300529-4;GRASAS S A                    ;41719;3646170
   891300529-4;GRASAS S A                    ;41720;5987607
   891300529-4;GRASAS S A                    ;41721;2470842
   891300529-4;GRASAS S A                    ;41764;5754177
   891300529-4;GRASAS S A                    ;41765;2632262
   891300529-4;GRASAS S A                    ;41774;5927031
   891300529-4;GRASAS S A                    ;41775;3547329
   891300529-4;GRASAS S A                    ;41802;1584000
   891300529-4;GRASAS S A                    ;41803;2098058
   891300529-4;GRASAS S A                    ;41804;1964738
   891300529-4;GRASAS S A                    ;41805;3394790
   891300529-4;GRASAS S A                    ;41806;3816620
   891300529-4;GRASAS S A                    ;41807;1485000
   891300529-4;GRASAS S A                    ;41808;1485000
   891300529-4;GRASAS S A                    ;41809;247500
   891300529-4;GRASAS S A                    ;41811;3944651
   891300529-4;GRASAS S A                    ;41816;3672403
   891300529-4;GRASAS S A                    ;41817;3607758
   891300529-4;GRASAS S A                    ;41865;4227102
   891300529-4;GRASAS S A                    ;41866;3910500
   891300529-4;GRASAS S A                    ;41880;2609472
   891300529-4;GRASAS S A                    ;41881;3918021
   891300529-4;GRASAS S A                    ;41882;3312342
   891300529-4;GRASAS S A                    ;41885;3747432
   891300529-4;GRASAS S A                    ;41886;1485000
   891300529-4;GRASAS S A                    ;41889;3580961
   891300529-4;GRASAS S A                    ;41900;1287000
   891300529-4;GRASAS S A                    ;41901;3545834
   891300529-4;GRASAS S A                    ;41902;1287000
   891300529-4;GRASAS S A                    ;41921;2475000
   891300529-4;GRASAS S A                    ;41922;1584000
   891300529-4;GRASAS S A                    ;41925;3125925
   891300529-4;GRASAS S A                    ;41939;3583998
   891300529-4;GRASAS S A                    ;41940;4420507
   891300529-4;GRASAS S A                    ;41944;3759149
   890800413-0;HERRAMIENTAS AGRICOLAS S.A.   ;41895;1613700
   890800413-0;HERRAMIENTAS AGRICOLAS S.A.   ;41958;1732500
   901600793-5;HEVOLUCION S.A.S              ;41600;891000
   901600793-5;HEVOLUCION S.A.S              ;41601;2851200
   901397680-0;HORUS ENERGY GROUP S.A.S      ;27448;18107840
   901397680-0;HORUS ENERGY GROUP S.A.S      ;27488;6722100
   811022703-6;IKALA - EMPRESA PARA EL DESARR;40665;3184500
   811022703-6;IKALA - EMPRESA PARA EL DESARR;40666;5915450
   811022703-6;IKALA - EMPRESA PARA EL DESARR;41306;463200
   890903532-1;INDUSTRIA COLOMBIANA DE CAFE S;41613;14104629
   860016610-3;INTERCONEXION ELECTRICA S.A. E;41770;159634940
   900326174-8;INTERDEKO SOCIEDAD POR ACCI   ;41449;3861000
   800039996-1;KUEHNE Y NAGEL S.A            ;47966;3564000
   901248821-4;LASENOR ANDINA S.A.S          ;41439;1029600
   901248821-4;LASENOR ANDINA S.A.S          ;41535;594000
   901248821-4;LASENOR ANDINA S.A.S          ;41536;1386000
   901248821-4;LASENOR ANDINA S.A.S          ;41651;2574000
   901248821-4;LASENOR ANDINA S.A.S          ;41726;1479624
   901248821-4;LASENOR ANDINA S.A.S          ;41727;3452526
   901248821-4;LASENOR ANDINA S.A.S          ;41734;2524500
   900557226-3;LINARQ SAS                    ;41962;891000
    71699416-9;LUIS FERNANDO PALACIO GOMEZ   ;41111;56679
    71699416-9;LUIS FERNANDO PALACIO GOMEZ   ;41693;56679
   830090773-0;MASSY ENERGY COLOMBIA S.A.S.  ;41815;80665200
    10273552-1;MAURICIO SALAZAR SIERRA       ;41844;2445300
   860054073-1;MEJIA Y COMPANIA S A          ;41405;5274076
   860054073-1;MEJIA Y COMPANIA S A          ;41495;5594134
   860054073-1;MEJIA Y COMPANIA S A          ;41497;5640149
   860054073-1;MEJIA Y COMPANIA S A          ;41498;5355405
   860054073-1;MEJIA Y COMPANIA S A          ;41653;5503747
   860531287-5;MELEXA S.A.S.                 ;40579;2677950
   860531287-5;MELEXA S.A.S.                 ;41652;8756550
   860531287-5;MELEXA S.A.S.                 ;41812;6469650
   811016211-1;MEZCLAS BIOMIX S A S          ;41572;9504000
   811016211-1;MEZCLAS BIOMIX S A S          ;41654;1584000
   811016211-1;MEZCLAS BIOMIX S A S          ;41691;6138000
   811016211-1;MEZCLAS BIOMIX S A S          ;41692;6138000
   811016211-1;MEZCLAS BIOMIX S A S          ;41820;3267000
   811016211-1;MEZCLAS BIOMIX S A S          ;41824;1831500
   811004786-0;MICRODENIER S A               ;41567;5940000
   811004786-0;MICRODENIER S A               ;41677;5940000
   811004786-0;MICRODENIER S A               ;41679;5940000
   811004786-0;MICRODENIER S A               ;41681;5940000
   811041552-1;OPERACIONES SERVICIOS Y LOGIST;40732;3000000
   811041552-1;OPERACIONES SERVICIOS Y LOGIST;41381;3000000
   890932572-1;PINTURAS NACIONALES S.A.S     ;40466;1366200
   890932572-1;PINTURAS NACIONALES S.A.S     ;40766;2267100
   811015231-2;PLANET CARGO S A S            ;40811;27918000
   811015231-2;PLANET CARGO S A S            ;41856;18612000
   811015231-2;PLANET CARGO S A S            ;41861;9306000
   811015231-2;PLANET CARGO S A S            ;41862;18612000
   800102065-9;PLASSOL S A S                 ;40605;5643000
   800102065-9;PLASSOL S A S                 ;40637;5841000
   800102065-9;PLASSOL S A S                 ;40658;3960000
   800102065-9;PLASSOL S A S                 ;40686;5742000
   800102065-9;PLASSOL S A S                 ;40695;5742000
   800102065-9;PLASSOL S A S                 ;40874;3960000
   800102065-9;PLASSOL S A S                 ;40875;5742000
   800102065-9;PLASSOL S A S                 ;40892;5643000
   800102065-9;PLASSOL S A S                 ;41077;5643000
   800102065-9;PLASSOL S A S                 ;41332;5742000
   800102065-9;PLASSOL S A S                 ;41341;3960000
   800102065-9;PLASSOL S A S                 ;41342;5742000
   800102065-9;PLASSOL S A S                 ;41406;5841000
   800102065-9;PLASSOL S A S                 ;41447;5643000
   800102065-9;PLASSOL S A S                 ;41457;5643000
   800102065-9;PLASSOL S A S                 ;41589;5742000
   800102065-9;PLASSOL S A S                 ;41590;5643000
   800102065-9;PLASSOL S A S                 ;41640;5742000
   800102065-9;PLASSOL S A S                 ;41751;5643000
   800102065-9;PLASSOL S A S                 ;41757;5742000
   800102065-9;PLASSOL S A S                 ;41912;5643000
   800102065-9;PLASSOL S A S                 ;41935;5742000
   800102065-9;PLASSOL S A S                 ;41969;5742000
   800102065-9;PLASSOL S A S                 ;42010;5643000
   811018613-6;POLINYLON S A                 ;41301;5940000
   811018613-6;POLINYLON S A                 ;41303;5692500
   890804199-7;PRODUCTORA DE ALAMBRES COLOMBI;41231;2821500
   890804199-7;PRODUCTORA DE ALAMBRES COLOMBI;41390;1732500
   890804199-7;PRODUCTORA DE ALAMBRES COLOMBI;41391;1811700
   890804199-7;PRODUCTORA DE ALAMBRES COLOMBI;41392;3049200
   890804199-7;PRODUCTORA DE ALAMBRES COLOMBI;41393;3148200
   890804199-7;PRODUCTORA DE ALAMBRES COLOMBI;41437;1732500
   890804199-7;PRODUCTORA DE ALAMBRES COLOMBI;41458;3415500
   890804199-7;PRODUCTORA DE ALAMBRES COLOMBI;41530;4504500
   890804199-7;PRODUCTORA DE ALAMBRES COLOMBI;41576;1732500
   890804199-7;PRODUCTORA DE ALAMBRES COLOMBI;41577;2079000
   890804199-7;PRODUCTORA DE ALAMBRES COLOMBI;41618;1811700
   890804199-7;PRODUCTORA DE ALAMBRES COLOMBI;41736;1811700
   890804199-7;PRODUCTORA DE ALAMBRES COLOMBI;41737;1881000
   890804199-7;PRODUCTORA DE ALAMBRES COLOMBI;41763;1724580
   890312630-9;PROTECNICA INGENIERIA S.A.S   ;41489;693000
   890312630-9;PROTECNICA INGENIERIA S.A.S   ;41631;693000
   890312630-9;PROTECNICA INGENIERIA S.A.S   ;41645;382140
   890312630-9;PROTECNICA INGENIERIA S.A.S   ;41777;693000
   890312630-9;PROTECNICA INGENIERIA S.A.S   ;41793;364320
   890312630-9;PROTECNICA INGENIERIA S.A.S   ;41956;841500
   890312630-9;PROTECNICA INGENIERIA S.A.S   ;41994;970200
   800093320-2;PROYECTOS DE INGENIERIA S.A. P;41955;1217700
   900331462-4;S. O. S. PROMOX S. A. S.      ;44678;732600
   890926628-9;SENCO COLOMBIANA S.A.S        ;41123;5544000
   890926628-9;SENCO COLOMBIANA S.A.S        ;41270;5544000
   890926628-9;SENCO COLOMBIANA S.A.S        ;41366;5544000
   890926628-9;SENCO COLOMBIANA S.A.S        ;41636;5544000
   890926628-9;SENCO COLOMBIANA S.A.S        ;41637;5544000
   890926628-9;SENCO COLOMBIANA S.A.S        ;41943;5544000
   800151988-0;"SETAS COLOMBIANAS S.A ""SETAS S";41130;2806918
   901432904-5;SICOLSA DEL CENTRO S.A.S.     ;41905;5049000
   901085835-6;SINEA ZONA FRANCA SAS         ;41894;8014050
   901154922-5;SM GROUP NERTA SAS            ;41795;1087020
   900738674-7;SMI COLOMBIA SAS              ;41259;34917300
   900738674-7;SMI COLOMBIA SAS              ;41260;28046700
   900738674-7;SMI COLOMBIA SAS              ;41575;43173900
   900738674-7;SMI COLOMBIA SAS              ;41579;30412802
   900738674-7;SMI COLOMBIA SAS              ;41580;5742000
   900738674-7;SMI COLOMBIA SAS              ;41697;52252200
   900738674-7;SMI COLOMBIA SAS              ;41878;5742000
   900738674-7;SMI COLOMBIA SAS              ;41879;23215500
   890800718-1;SUCESORES DE JOSE JESUS RESTRE;43336;1034869
   890107487-3;SUPERTIENDAS Y DROGUERIAS OLIM;39758;1504800
   900631527-1;SURTICEREALES MEDELL?N S.A.S. ;48081;783500
   860000006-4;TEAM FOODS COLOMBIA SA        ;38975;336600
   860000006-4;TEAM FOODS COLOMBIA SA        ;39141;445500
   860000006-4;TEAM FOODS COLOMBIA SA        ;39346;950400
   860000006-4;TEAM FOODS COLOMBIA SA        ;39933;198000
   860000006-4;TEAM FOODS COLOMBIA SA        ;39993;1683000
   860000006-4;TEAM FOODS COLOMBIA SA        ;40684;386100
   860000006-4;TEAM FOODS COLOMBIA SA        ;40788;346500
   860000006-4;TEAM FOODS COLOMBIA SA        ;41090;2316600
   860000006-4;TEAM FOODS COLOMBIA SA        ;41091;405900
   860000006-4;TEAM FOODS COLOMBIA SA        ;41092;1279080
   860000006-4;TEAM FOODS COLOMBIA SA        ;41093;1287000
   860000006-4;TEAM FOODS COLOMBIA SA        ;41094;3754867
   860000006-4;TEAM FOODS COLOMBIA SA        ;41095;30218097
   860000006-4;TEAM FOODS COLOMBIA SA        ;41212;70462092
   860000006-4;TEAM FOODS COLOMBIA SA        ;41223;495000
   860000006-4;TEAM FOODS COLOMBIA SA        ;41228;495000
   860000006-4;TEAM FOODS COLOMBIA SA        ;41229;198000
   860000006-4;TEAM FOODS COLOMBIA SA        ;41236;198000
   860000006-4;TEAM FOODS COLOMBIA SA        ;41238;2568060
   860000006-4;TEAM FOODS COLOMBIA SA        ;41243;247500
   860000006-4;TEAM FOODS COLOMBIA SA        ;41245;198000
   860000006-4;TEAM FOODS COLOMBIA SA        ;41248;841500
   860000006-4;TEAM FOODS COLOMBIA SA        ;41249;495000
   860000006-4;TEAM FOODS COLOMBIA SA        ;41250;396000
   860000006-4;TEAM FOODS COLOMBIA SA        ;41251;386100
   860000006-4;TEAM FOODS COLOMBIA SA        ;41252;198000
   860000006-4;TEAM FOODS COLOMBIA SA        ;41253;495000
   860000006-4;TEAM FOODS COLOMBIA SA        ;41254;11189662
   860000006-4;TEAM FOODS COLOMBIA SA        ;41258;13095918
   860000006-4;TEAM FOODS COLOMBIA SA        ;41267;346500
   860000006-4;TEAM FOODS COLOMBIA SA        ;41269;2080980
   860000006-4;TEAM FOODS COLOMBIA SA        ;41302;34370510
   860000006-4;TEAM FOODS COLOMBIA SA        ;41305;5088600
   860000006-4;TEAM FOODS COLOMBIA SA        ;41313;639540
   860000006-4;TEAM FOODS COLOMBIA SA        ;41315;2558160
   860000006-4;TEAM FOODS COLOMBIA SA        ;41316;1546380
   860000006-4;TEAM FOODS COLOMBIA SA        ;41319;6613200
   860000006-4;TEAM FOODS COLOMBIA SA        ;41321;14744612
   860000006-4;TEAM FOODS COLOMBIA SA        ;41325;4342140
   860000006-4;TEAM FOODS COLOMBIA SA        ;41326;4342140
   860000006-4;TEAM FOODS COLOMBIA SA        ;41327;4342140
   860000006-4;TEAM FOODS COLOMBIA SA        ;41343;2080980
   860000006-4;TEAM FOODS COLOMBIA SA        ;41344;415800
   860000006-4;TEAM FOODS COLOMBIA SA        ;41345;524700
   860000006-4;TEAM FOODS COLOMBIA SA        ;41346;445500
   860000006-4;TEAM FOODS COLOMBIA SA        ;41347;316800
   860000006-4;TEAM FOODS COLOMBIA SA        ;41348;2029500
   860000006-4;TEAM FOODS COLOMBIA SA        ;41349;462776
   860000006-4;TEAM FOODS COLOMBIA SA        ;41367;29447215
   860000006-4;TEAM FOODS COLOMBIA SA        ;41370;5551227
   860000006-4;TEAM FOODS COLOMBIA SA        ;41372;2852441
   860000006-4;TEAM FOODS COLOMBIA SA        ;41373;1722670
   860000006-4;TEAM FOODS COLOMBIA SA        ;41374;82273355
   860000006-4;TEAM FOODS COLOMBIA SA        ;41375;11229124
   860000006-4;TEAM FOODS COLOMBIA SA        ;41504;8829810
   860000006-4;TEAM FOODS COLOMBIA SA        ;41508;297000
   860000006-4;TEAM FOODS COLOMBIA SA        ;41509;1284030
   860000006-4;TEAM FOODS COLOMBIA SA        ;41510;346500
   860000006-4;TEAM FOODS COLOMBIA SA        ;41511;346500
   860000006-4;TEAM FOODS COLOMBIA SA        ;41512;495000
   860000006-4;TEAM FOODS COLOMBIA SA        ;41513;346500
   860000006-4;TEAM FOODS COLOMBIA SA        ;41514;297000
   860000006-4;TEAM FOODS COLOMBIA SA        ;41515;247500
   860000006-4;TEAM FOODS COLOMBIA SA        ;41516;247500
   860000006-4;TEAM FOODS COLOMBIA SA        ;41529;396000
   860000006-4;TEAM FOODS COLOMBIA SA        ;41554;6500844
   860000006-4;TEAM FOODS COLOMBIA SA        ;41555;30381411
   860000006-4;TEAM FOODS COLOMBIA SA        ;41562;7228980
   860000006-4;TEAM FOODS COLOMBIA SA        ;41663;2090952
   860000006-4;TEAM FOODS COLOMBIA SA        ;41694;326700
   860000006-4;TEAM FOODS COLOMBIA SA        ;41699;495000
   860000006-4;TEAM FOODS COLOMBIA SA        ;41712;346500
   860000006-4;TEAM FOODS COLOMBIA SA        ;41714;2396790
   860000006-4;TEAM FOODS COLOMBIA SA        ;41738;78722257
   860000006-4;TEAM FOODS COLOMBIA SA        ;41746;435600
   860000006-4;TEAM FOODS COLOMBIA SA        ;41748;396000
   860000006-4;TEAM FOODS COLOMBIA SA        ;41750;495000
   860000006-4;TEAM FOODS COLOMBIA SA        ;41753;198000
   860000006-4;TEAM FOODS COLOMBIA SA        ;41754;1284030
   860000006-4;TEAM FOODS COLOMBIA SA        ;41761;17099953
   860000006-4;TEAM FOODS COLOMBIA SA        ;41766;1386000
   860000006-4;TEAM FOODS COLOMBIA SA        ;41771;4254030
   860000006-4;TEAM FOODS COLOMBIA SA        ;41780;7725960
   860000006-4;TEAM FOODS COLOMBIA SA        ;41782;4342140
   860000006-4;TEAM FOODS COLOMBIA SA        ;41784;4342140
   860000006-4;TEAM FOODS COLOMBIA SA        ;41794;4342140
   860000006-4;TEAM FOODS COLOMBIA SA        ;41826;5098500
   860000006-4;TEAM FOODS COLOMBIA SA        ;41896;8761500
   860000006-4;TEAM FOODS COLOMBIA SA        ;41898;16606854
   860000006-4;TEAM FOODS COLOMBIA SA        ;41907;3366000
   860000006-4;TEAM FOODS COLOMBIA SA        ;41960;46566457
   860000006-4;TEAM FOODS COLOMBIA SA        ;41966;2138400
   860000006-4;TEAM FOODS COLOMBIA SA        ;41967;570240
   860000006-4;TEAM FOODS COLOMBIA SA        ;41973;198000
   860000006-4;TEAM FOODS COLOMBIA SA        ;41977;347490
   860000006-4;TEAM FOODS COLOMBIA SA        ;41978;425700
   860000006-4;TEAM FOODS COLOMBIA SA        ;41979;465300
   860000006-4;TEAM FOODS COLOMBIA SA        ;41980;4342140
   860000006-4;TEAM FOODS COLOMBIA SA        ;41981;4342140
   860000006-4;TEAM FOODS COLOMBIA SA        ;41982;4342140
   860000006-4;TEAM FOODS COLOMBIA SA        ;41983;1284030
   860000006-4;TEAM FOODS COLOMBIA SA        ;41984;1284030
   860000006-4;TEAM FOODS COLOMBIA SA        ;41985;445500
   860000006-4;TEAM FOODS COLOMBIA SA        ;41986;396000
   860000006-4;TEAM FOODS COLOMBIA SA        ;41987;396000
   860000006-4;TEAM FOODS COLOMBIA SA        ;41998;11489834
   860000006-4;TEAM FOODS COLOMBIA SA        ;41999;637666
   860000006-4;TEAM FOODS COLOMBIA SA        ;42000;1168200
   860000006-4;TEAM FOODS COLOMBIA SA        ;42001;33367373
   860000006-4;TEAM FOODS COLOMBIA SA        ;42002;20522781
   860000006-4;TEAM FOODS COLOMBIA SA        ;42017;3259192
   860000006-4;TEAM FOODS COLOMBIA SA        ;42018;2865304
   860000006-4;TEAM FOODS COLOMBIA SA        ;42020;3257100
   860000006-4;TEAM FOODS COLOMBIA SA        ;42026;96877597
   900337367-1;TEKVO S.A.S.                  ;41630;1089000
   900337367-1;TEKVO S.A.S.                  ;41846;950400
   900861266-0;TOP DRIVE SAS                 ;41570;198000
   890805453-8;TOPTEC S.A. Y MANILIT S.A.    ;41578;1148895
   890805453-8;TOPTEC S.A. Y MANILIT S.A.    ;41735;3863990
   901781501-7;UNION TEMPORAL MOTOLT         ;39643;13365000
   901781501-7;UNION TEMPORAL MOTOLT         ;41112;4950000
   901781501-7;UNION TEMPORAL MOTOLT         ;41120;14850000
   901781501-7;UNION TEMPORAL MOTOLT         ;37735;31977000
   901210625-2;UNIVAR SOLUTIONS COLOMBIA S.A.;41304;4752000
   901210625-2;UNIVAR SOLUTIONS COLOMBIA S.A.;41371;396000
   901210625-2;UNIVAR SOLUTIONS COLOMBIA S.A.;42022;2970000
   901478635-7;UT MASSY- MOTO                ;39629;20968961
   901478635-7;UT MASSY- MOTO                ;39636;869409
   901478635-7;UT MASSY- MOTO                ;39729;29026496
   901478635-7;UT MASSY- MOTO                ;40070;31986583
   901478635-7;UT MASSY- MOTO                ;41079;57008885
   901478635-7;UT MASSY- MOTO                ;41080;28751126
   901478635-7;UT MASSY- MOTO                ;41128;524590652
   901478635-7;UT MASSY- MOTO                ;41490;10243766
   901478635-7;UT MASSY- MOTO                ;41655;437352523
   901478635-7;UT MASSY- MOTO                ;41656;6457378
   900882425-5;WORLD INTER CARGA SAS         ;42021;940500
