890900115-1;A LAUMAYER Y COMPAÑIA EXPORTAD;43163;4072860,00
901380930-2;AIR- E S.A.S. E.S.P.          ;42384;32670000,00
901380930-2;AIR- E S.A.S. E.S.P.          ;42403;15651158,00
901380930-2;AIR- E S.A.S. E.S.P.          ;43073;9568350,00
901380930-2;AIR- E S.A.S. E.S.P.          ;43074;32670000,00
901113010-8;AJTEX S.A.S.                  ;43285;1485000,00
800149149-1;ALIMENTOS BALANCEADOS TEQUENDA;43317;6217754,00
800149149-1;ALIMENTOS BALANCEADOS TEQUENDA;43323;40951801,00
800149149-1;ALIMENTOS BALANCEADOS TEQUENDA;43324;6232248,00
800149149-1;ALIMENTOS BALANCEADOS TEQUENDA;43334;91123820,00
800149149-1;ALIMENTOS BALANCEADOS TEQUENDA;43336;15941006,00
800149149-1;ALIMENTOS BALANCEADOS TEQUENDA;43414;6293846,00
800149149-1;ALIMENTOS BALANCEADOS TEQUENDA;43415;10760112,00
800149149-1;ALIMENTOS BALANCEADOS TEQUENDA;43432;81486973,00
800149149-1;ALIMENTOS BALANCEADOS TEQUENDA;43435;25648511,00
800149149-1;ALIMENTOS BALANCEADOS TEQUENDA;43436;5545152,00
830006735-3;ALIMENTOS POLAR COLOMBIA SAS  ;42229;474880,00
830006735-3;ALIMENTOS POLAR COLOMBIA SAS  ;42435;4189680,00
830006735-3;ALIMENTOS POLAR COLOMBIA SAS  ;42463;3045685,00
830006735-3;ALIMENTOS POLAR COLOMBIA SAS  ;42516;31375593,00
830006735-3;ALIMENTOS POLAR COLOMBIA SAS  ;42517;672210,00
830006735-3;ALIMENTOS POLAR COLOMBIA SAS  ;42519;5684256,00
830006735-3;ALIMENTOS POLAR COLOMBIA SAS  ;42531;117986149,00
830006735-3;ALIMENTOS POLAR COLOMBIA SAS  ;42536;157881366,00
830006735-3;ALIMENTOS POLAR COLOMBIA SAS  ;42538;445500,00
830006735-3;ALIMENTOS POLAR COLOMBIA SAS  ;42606;1742400,00
830006735-3;ALIMENTOS POLAR COLOMBIA SAS  ;42607;1742400,00
830006735-3;ALIMENTOS POLAR COLOMBIA SAS  ;42626;101604284,00
830006735-3;ALIMENTOS POLAR COLOMBIA SAS  ;42670;4554329,00
830006735-3;ALIMENTOS POLAR COLOMBIA SAS  ;42699;1430055,00
830006735-3;ALIMENTOS POLAR COLOMBIA SAS  ;42700;1316700,00
830006735-3;ALIMENTOS POLAR COLOMBIA SAS  ;42701;475200,00
830006735-3;ALIMENTOS POLAR COLOMBIA SAS  ;42702;396000,00
830006735-3;ALIMENTOS POLAR COLOMBIA SAS  ;42711;81121602,00
830006735-3;ALIMENTOS POLAR COLOMBIA SAS  ;42733;46095844,00
830006735-3;ALIMENTOS POLAR COLOMBIA SAS  ;42738;99697802,00
830006735-3;ALIMENTOS POLAR COLOMBIA SAS  ;42777;5297131,00
830006735-3;ALIMENTOS POLAR COLOMBIA SAS  ;42811;7097296,00
830006735-3;ALIMENTOS POLAR COLOMBIA SAS  ;42812;7707150,00
830006735-3;ALIMENTOS POLAR COLOMBIA SAS  ;42851;1980000,00
830006735-3;ALIMENTOS POLAR COLOMBIA SAS  ;42865;2336399,00
830006735-3;ALIMENTOS POLAR COLOMBIA SAS  ;42867;1039500,00
830006735-3;ALIMENTOS POLAR COLOMBIA SAS  ;42869;3131401,00
830006735-3;ALIMENTOS POLAR COLOMBIA SAS  ;42913;295546667,00
830006735-3;ALIMENTOS POLAR COLOMBIA SAS  ;42959;2079000,00
830006735-3;ALIMENTOS POLAR COLOMBIA SAS  ;42968;57677976,00
830006735-3;ALIMENTOS POLAR COLOMBIA SAS  ;42970;1138500,00
830006735-3;ALIMENTOS POLAR COLOMBIA SAS  ;42978;1980000,00
830006735-3;ALIMENTOS POLAR COLOMBIA SAS  ;42987;16748630,00
830006735-3;ALIMENTOS POLAR COLOMBIA SAS  ;42988;10172933,00
830006735-3;ALIMENTOS POLAR COLOMBIA SAS  ;42992;3477461,00
830006735-3;ALIMENTOS POLAR COLOMBIA SAS  ;43048;1558260,00
830006735-3;ALIMENTOS POLAR COLOMBIA SAS  ;43063;4027575,00
830006735-3;ALIMENTOS POLAR COLOMBIA SAS  ;43083;98242127,00
830006735-3;ALIMENTOS POLAR COLOMBIA SAS  ;43132;2079000,00
830006735-3;ALIMENTOS POLAR COLOMBIA SAS  ;43147;1039500,00
830006735-3;ALIMENTOS POLAR COLOMBIA SAS  ;43148;6006586,00
830006735-3;ALIMENTOS POLAR COLOMBIA SAS  ;43158;7784910,00
830006735-3;ALIMENTOS POLAR COLOMBIA SAS  ;43161;73687099,00
830006735-3;ALIMENTOS POLAR COLOMBIA SAS  ;43188;1039500,00
830006735-3;ALIMENTOS POLAR COLOMBIA SAS  ;43213;116330863,00
830006735-3;ALIMENTOS POLAR COLOMBIA SAS  ;43258;1742400,00
830006735-3;ALIMENTOS POLAR COLOMBIA SAS  ;43259;693000,00
830006735-3;ALIMENTOS POLAR COLOMBIA SAS  ;43283;792000,00
830006735-3;ALIMENTOS POLAR COLOMBIA SAS  ;43284;950400,00
830006735-3;ALIMENTOS POLAR COLOMBIA SAS  ;43287;2633400,00
830006735-3;ALIMENTOS POLAR COLOMBIA SAS  ;43290;3445596,00
830006735-3;ALIMENTOS POLAR COLOMBIA SAS  ;43292;2079000,00
830006735-3;ALIMENTOS POLAR COLOMBIA SAS  ;43313;6414210,00
830006735-3;ALIMENTOS POLAR COLOMBIA SAS  ;43314;113488913,00
830006735-3;ALIMENTOS POLAR COLOMBIA SAS  ;43316;2529936,00
830006735-3;ALIMENTOS POLAR COLOMBIA SAS  ;43329;1742400,00
830006735-3;ALIMENTOS POLAR COLOMBIA SAS  ;43335;300960,00
830006735-3;ALIMENTOS POLAR COLOMBIA SAS  ;43360;258390,00
830006735-3;ALIMENTOS POLAR COLOMBIA SAS  ;43361;43136072,00
830006735-3;ALIMENTOS POLAR COLOMBIA SAS  ;43386;5723190,00
830006735-3;ALIMENTOS POLAR COLOMBIA SAS  ;43393;2896740,00
830006735-3;ALIMENTOS POLAR COLOMBIA SAS  ;43411;31081882,00
830006735-3;ALIMENTOS POLAR COLOMBIA SAS  ;43412;20651812,00
830006735-3;ALIMENTOS POLAR COLOMBIA SAS  ;43417;5787857,00
890914526-4;ALMACENES FLAMINGO S A        ;15839;1730393,00
890914526-4;ALMACENES FLAMINGO S A        ;32293;486655,00
890914526-4;ALMACENES FLAMINGO S A        ;33073;3305561,00
890914526-4;ALMACENES FLAMINGO S A        ;33150;1238539,00
890914526-4;ALMACENES FLAMINGO S A        ;33189;4500122,00
890914526-4;ALMACENES FLAMINGO S A        ;33190;803757,00
890914526-4;ALMACENES FLAMINGO S A        ;33191;401879,00
890914526-4;ALMACENES FLAMINGO S A        ;33192;401879,00
890914526-4;ALMACENES FLAMINGO S A        ;33193;401879,00
890914526-4;ALMACENES FLAMINGO S A        ;33194;401879,00
890914526-4;ALMACENES FLAMINGO S A        ;33195;401879,00
890914526-4;ALMACENES FLAMINGO S A        ;33196;1366325,00
890914526-4;ALMACENES FLAMINGO S A        ;33197;803757,00
890914526-4;ALMACENES FLAMINGO S A        ;33198;803757,00
890914526-4;ALMACENES FLAMINGO S A        ;33199;264442,00
890914526-4;ALMACENES FLAMINGO S A        ;33200;401879,00
890914526-4;ALMACENES FLAMINGO S A        ;33268;2534927,00
890914526-4;ALMACENES FLAMINGO S A        ;33275;803757,00
890914526-4;ALMACENES FLAMINGO S A        ;33276;803757,00
890914526-4;ALMACENES FLAMINGO S A        ;33278;1205636,00
890914526-4;ALMACENES FLAMINGO S A        ;33279;1205636,00
890914526-4;ALMACENES FLAMINGO S A        ;33280;1366325,00
890914526-4;ALMACENES FLAMINGO S A        ;33281;1607514,00
890914526-4;ALMACENES FLAMINGO S A        ;33282;401879,00
890914526-4;ALMACENES FLAMINGO S A        ;33283;401879,00
890914526-4;ALMACENES FLAMINGO S A        ;33284;401879,00
890914526-4;ALMACENES FLAMINGO S A        ;33285;37777,00
890914526-4;ALMACENES FLAMINGO S A        ;33462;2639421,00
890914526-4;ALMACENES FLAMINGO S A        ;33463;1205636,00
890914526-4;ALMACENES FLAMINGO S A        ;33464;1205636,00
890914526-4;ALMACENES FLAMINGO S A        ;33465;803757,00
890914526-4;ALMACENES FLAMINGO S A        ;33466;803757,00
890914526-4;ALMACENES FLAMINGO S A        ;33467;401879,00
890914526-4;ALMACENES FLAMINGO S A        ;33468;401879,00
890914526-4;ALMACENES FLAMINGO S A        ;33469;401879,00
890914526-4;ALMACENES FLAMINGO S A        ;33470;1366325,00
890914526-4;ALMACENES FLAMINGO S A        ;33471;401879,00
890914526-4;ALMACENES FLAMINGO S A        ;33472;401879,00
890914526-4;ALMACENES FLAMINGO S A        ;33473;75555,00
890914526-4;ALMACENES FLAMINGO S A        ;33600;2689495,00
890914526-4;ALMACENES FLAMINGO S A        ;33601;401879,00
890914526-4;ALMACENES FLAMINGO S A        ;33602;401879,00
890914526-4;ALMACENES FLAMINGO S A        ;33603;401879,00
890914526-4;ALMACENES FLAMINGO S A        ;33604;803757,00
890914526-4;ALMACENES FLAMINGO S A        ;33873;3480212,00
890914526-4;ALMACENES FLAMINGO S A        ;33874;803757,00
890914526-4;ALMACENES FLAMINGO S A        ;33876;803757,00
890914526-4;ALMACENES FLAMINGO S A        ;33877;401879,00
890914526-4;ALMACENES FLAMINGO S A        ;33878;401879,00
890914526-4;ALMACENES FLAMINGO S A        ;33879;1366325,00
890914526-4;ALMACENES FLAMINGO S A        ;33880;803757,00
890914526-4;ALMACENES FLAMINGO S A        ;33881;401879,00
890914526-4;ALMACENES FLAMINGO S A        ;33882;803757,00
890914526-4;ALMACENES FLAMINGO S A        ;33883;401879,00
890914526-4;ALMACENES FLAMINGO S A        ;33884;803757,00
890914526-4;ALMACENES FLAMINGO S A        ;33885;151110,00
890914526-4;ALMACENES FLAMINGO S A        ;33988;2231667,00
890914526-4;ALMACENES FLAMINGO S A        ;33989;803757,00
890914526-4;ALMACENES FLAMINGO S A        ;33990;803757,00
890914526-4;ALMACENES FLAMINGO S A        ;33991;803757,00
890914526-4;ALMACENES FLAMINGO S A        ;33992;803757,00
890914526-4;ALMACENES FLAMINGO S A        ;33993;401879,00
890914526-4;ALMACENES FLAMINGO S A        ;33994;401879,00
890914526-4;ALMACENES FLAMINGO S A        ;33995;401879,00
890914526-4;ALMACENES FLAMINGO S A        ;33996;1366325,00
890914526-4;ALMACENES FLAMINGO S A        ;33997;2411272,00
890914526-4;ALMACENES FLAMINGO S A        ;33998;504888,00
890914526-4;ALMACENES FLAMINGO S A        ;33999;75555,00
890914526-4;ALMACENES FLAMINGO S A        ;34339;3752559,00
890914526-4;ALMACENES FLAMINGO S A        ;34340;401879,00
890914526-4;ALMACENES FLAMINGO S A        ;34341;401879,00
890914526-4;ALMACENES FLAMINGO S A        ;34342;401879,00
890914526-4;ALMACENES FLAMINGO S A        ;34343;401879,00
890914526-4;ALMACENES FLAMINGO S A        ;34344;1366325,00
890914526-4;ALMACENES FLAMINGO S A        ;34345;1205636,00
890914526-4;ALMACENES FLAMINGO S A        ;34346;1205636,00
890914526-4;ALMACENES FLAMINGO S A        ;34347;401879,00
890914526-4;ALMACENES FLAMINGO S A        ;34348;401879,00
890914526-4;ALMACENES FLAMINGO S A        ;34349;803757,00
890914526-4;ALMACENES FLAMINGO S A        ;34350;803757,00
890914526-4;ALMACENES FLAMINGO S A        ;34351;803757,00
890914526-4;ALMACENES FLAMINGO S A        ;34352;401879,00
890914526-4;ALMACENES FLAMINGO S A        ;34353;1792997,00
890914526-4;ALMACENES FLAMINGO S A        ;34463;401879,00
890914526-4;ALMACENES FLAMINGO S A        ;34464;401879,00
890914526-4;ALMACENES FLAMINGO S A        ;34465;401879,00
890914526-4;ALMACENES FLAMINGO S A        ;34466;401879,00
890914526-4;ALMACENES FLAMINGO S A        ;34467;401879,00
890914526-4;ALMACENES FLAMINGO S A        ;34468;2732649,00
890914526-4;ALMACENES FLAMINGO S A        ;34469;803757,00
890914526-4;ALMACENES FLAMINGO S A        ;34470;803757,00
890914526-4;ALMACENES FLAMINGO S A        ;34471;803757,00
890914526-4;ALMACENES FLAMINGO S A        ;34618;2633545,00
890914526-4;ALMACENES FLAMINGO S A        ;34619;803757,00
890914526-4;ALMACENES FLAMINGO S A        ;34620;803757,00
890914526-4;ALMACENES FLAMINGO S A        ;34621;803757,00
890914526-4;ALMACENES FLAMINGO S A        ;34622;803757,00
890914526-4;ALMACENES FLAMINGO S A        ;34623;401879,00
890914526-4;ALMACENES FLAMINGO S A        ;34624;401879,00
890914526-4;ALMACENES FLAMINGO S A        ;34625;1366325,00
890914526-4;ALMACENES FLAMINGO S A        ;34626;401879,00
890914526-4;ALMACENES FLAMINGO S A        ;34627;401879,00
890914526-4;ALMACENES FLAMINGO S A        ;34628;401879,00
890914526-4;ALMACENES FLAMINGO S A        ;34676;1762083,00
890914526-4;ALMACENES FLAMINGO S A        ;34678;803757,00
890914526-4;ALMACENES FLAMINGO S A        ;34679;803757,00
890914526-4;ALMACENES FLAMINGO S A        ;34680;803757,00
890914526-4;ALMACENES FLAMINGO S A        ;34681;401879,00
890914526-4;ALMACENES FLAMINGO S A        ;34682;2732649,00
890914526-4;ALMACENES FLAMINGO S A        ;34683;401879,00
890914526-4;ALMACENES FLAMINGO S A        ;34684;401879,00
890914526-4;ALMACENES FLAMINGO S A        ;34685;803757,00
890914526-4;ALMACENES FLAMINGO S A        ;34953;1792997,00
890914526-4;ALMACENES FLAMINGO S A        ;34954;401879,00
890914526-4;ALMACENES FLAMINGO S A        ;34955;401879,00
890914526-4;ALMACENES FLAMINGO S A        ;34956;1366325,00
890914526-4;ALMACENES FLAMINGO S A        ;34957;803757,00
890914526-4;ALMACENES FLAMINGO S A        ;34958;1205636,00
890914526-4;ALMACENES FLAMINGO S A        ;34959;539894,00
890914526-4;ALMACENES FLAMINGO S A        ;34960;302879,00
890914526-4;ALMACENES FLAMINGO S A        ;35078;1823911,00
890914526-4;ALMACENES FLAMINGO S A        ;35079;401879,00
890914526-4;ALMACENES FLAMINGO S A        ;35081;401879,00
890914526-4;ALMACENES FLAMINGO S A        ;35082;803757,00
890914526-4;ALMACENES FLAMINGO S A        ;35083;803757,00
890914526-4;ALMACENES FLAMINGO S A        ;35084;401879,00
890914526-4;ALMACENES FLAMINGO S A        ;35085;2732649,00
890914526-4;ALMACENES FLAMINGO S A        ;35086;803757,00
890914526-4;ALMACENES FLAMINGO S A        ;35087;401879,00
890914526-4;ALMACENES FLAMINGO S A        ;35088;401879,00
890914526-4;ALMACENES FLAMINGO S A        ;35089;401879,00
890914526-4;ALMACENES FLAMINGO S A        ;35090;401879,00
890914526-4;ALMACENES FLAMINGO S A        ;35286;1957834,00
890914526-4;ALMACENES FLAMINGO S A        ;35287;401879,00
890914526-4;ALMACENES FLAMINGO S A        ;35396;1613391,00
890914526-4;ALMACENES FLAMINGO S A        ;35402;2732649,00
890914526-4;ALMACENES FLAMINGO S A        ;35407;1724744,00
890914526-4;ALMACENES FLAMINGO S A        ;35408;1724744,00
890914526-4;ALMACENES FLAMINGO S A        ;35624;1799117,00
890914526-4;ALMACENES FLAMINGO S A        ;35791;1496077,00
890914526-4;ALMACENES FLAMINGO S A        ;35985;2546924,00
890914526-4;ALMACENES FLAMINGO S A        ;38162;2078837,00
890914526-4;ALMACENES FLAMINGO S A        ;38555;938193,00
890914526-4;ALMACENES FLAMINGO S A        ;42676;11643567,00
890914526-4;ALMACENES FLAMINGO S A        ;43010;1574088,00
890914526-4;ALMACENES FLAMINGO S A        ;43011;1477097,00
890914526-4;ALMACENES FLAMINGO S A        ;FMOT37315;1391607,00
900078003-2;AMCOR HOLDINGS AUSTRALIA PTY L;41871;11012760,00
900078003-2;AMCOR HOLDINGS AUSTRALIA PTY L;41872;1683000,00
900078003-2;AMCOR HOLDINGS AUSTRALIA PTY L;42050;6587460,00
900078003-2;AMCOR HOLDINGS AUSTRALIA PTY L;42172;4653000,00
900078003-2;AMCOR HOLDINGS AUSTRALIA PTY L;42173;2977920,00
900078003-2;AMCOR HOLDINGS AUSTRALIA PTY L;42174;13359555,00
900078003-2;AMCOR HOLDINGS AUSTRALIA PTY L;42188;1485000,00
900078003-2;AMCOR HOLDINGS AUSTRALIA PTY L;42471;11897820,00
900078003-2;AMCOR HOLDINGS AUSTRALIA PTY L;42472;1731510,00
900078003-2;AMCOR HOLDINGS AUSTRALIA PTY L;42473;1591920,00
900078003-2;AMCOR HOLDINGS AUSTRALIA PTY L;42910;8141760,00
900078003-2;AMCOR HOLDINGS AUSTRALIA PTY L;42911;108900,00
900078003-2;AMCOR HOLDINGS AUSTRALIA PTY L;42912;8323920,00
900078003-2;AMCOR HOLDINGS AUSTRALIA PTY L;42917;1789920,00
900078003-2;AMCOR HOLDINGS AUSTRALIA PTY L;42918;1789920,00
900078003-2;AMCOR HOLDINGS AUSTRALIA PTY L;42919;9603000,00
900078003-2;AMCOR HOLDINGS AUSTRALIA PTY L;43245;7874460,00
900078003-2;AMCOR HOLDINGS AUSTRALIA PTY L;43247;8719920,00
800041723-4;AMCOR RIGID PACKAGING DE COLOM;32454;21523388,00
800041723-4;AMCOR RIGID PACKAGING DE COLOM;41840;3663000,00
800041723-4;AMCOR RIGID PACKAGING DE COLOM;41854;23166000,00
800041723-4;AMCOR RIGID PACKAGING DE COLOM;41855;14275800,00
800041723-4;AMCOR RIGID PACKAGING DE COLOM;41857;4752000,00
800041723-4;AMCOR RIGID PACKAGING DE COLOM;41864;2376000,00
800041723-4;AMCOR RIGID PACKAGING DE COLOM;41870;1188000,00
800041723-4;AMCOR RIGID PACKAGING DE COLOM;41873;1386000,00
800041723-4;AMCOR RIGID PACKAGING DE COLOM;41899;18211050,00
800041723-4;AMCOR RIGID PACKAGING DE COLOM;42046;26027100,00
800041723-4;AMCOR RIGID PACKAGING DE COLOM;42048;18958500,00
800041723-4;AMCOR RIGID PACKAGING DE COLOM;42049;13711500,00
800041723-4;AMCOR RIGID PACKAGING DE COLOM;42143;7326000,00
800041723-4;AMCOR RIGID PACKAGING DE COLOM;42267;940500,00
800041723-4;AMCOR RIGID PACKAGING DE COLOM;42274;4935150,00
800041723-4;AMCOR RIGID PACKAGING DE COLOM;42275;6415200,00
800041723-4;AMCOR RIGID PACKAGING DE COLOM;42278;3663000,00
800041723-4;AMCOR RIGID PACKAGING DE COLOM;42280;3366000,00
800041723-4;AMCOR RIGID PACKAGING DE COLOM;42281;1584000,00
800041723-4;AMCOR RIGID PACKAGING DE COLOM;42342;11464200,00
800041723-4;AMCOR RIGID PACKAGING DE COLOM;42343;21334500,00
800041723-4;AMCOR RIGID PACKAGING DE COLOM;42344;16285500,00
800041723-4;AMCOR RIGID PACKAGING DE COLOM;42345;12513600,00
800041723-4;AMCOR RIGID PACKAGING DE COLOM;42429;7464600,00
800041723-4;AMCOR RIGID PACKAGING DE COLOM;42430;12424500,00
800041723-4;AMCOR RIGID PACKAGING DE COLOM;42433;11286000,00
800041723-4;AMCOR RIGID PACKAGING DE COLOM;42443;1980000,00
800041723-4;AMCOR RIGID PACKAGING DE COLOM;42480;4405500,00
800041723-4;AMCOR RIGID PACKAGING DE COLOM;42482;12315600,00
800041723-4;AMCOR RIGID PACKAGING DE COLOM;42483;594000,00
800041723-4;AMCOR RIGID PACKAGING DE COLOM;42484;2970000,00
800041723-4;AMCOR RIGID PACKAGING DE COLOM;42485;1980000,00
800041723-4;AMCOR RIGID PACKAGING DE COLOM;42486;3613500,00
800041723-4;AMCOR RIGID PACKAGING DE COLOM;42487;5544000,00
800041723-4;AMCOR RIGID PACKAGING DE COLOM;42756;21285000,00
800041723-4;AMCOR RIGID PACKAGING DE COLOM;42757;19740600,00
800041723-4;AMCOR RIGID PACKAGING DE COLOM;42758;13582800,00
800041723-4;AMCOR RIGID PACKAGING DE COLOM;42780;17829900,00
800041723-4;AMCOR RIGID PACKAGING DE COLOM;42782;18988200,00
800041723-4;AMCOR RIGID PACKAGING DE COLOM;42783;12969000,00
800041723-4;AMCOR RIGID PACKAGING DE COLOM;42784;10444500,00
800041723-4;AMCOR RIGID PACKAGING DE COLOM;42898;594000,00
800041723-4;AMCOR RIGID PACKAGING DE COLOM;42899;2772000,00
800041723-4;AMCOR RIGID PACKAGING DE COLOM;42900;9801000,00
800041723-4;AMCOR RIGID PACKAGING DE COLOM;42906;2920500,00
800041723-4;AMCOR RIGID PACKAGING DE COLOM;43057;13117500,00
800041723-4;AMCOR RIGID PACKAGING DE COLOM;43059;20225700,00
800041723-4;AMCOR RIGID PACKAGING DE COLOM;43060;25116300,00
800041723-4;AMCOR RIGID PACKAGING DE COLOM;43061;23265000,00
800041723-4;AMCOR RIGID PACKAGING DE COLOM;43112;3217500,00
800041723-4;AMCOR RIGID PACKAGING DE COLOM;43146;7920000,00
800041723-4;AMCOR RIGID PACKAGING DE COLOM;43165;13295700,00
800041723-4;AMCOR RIGID PACKAGING DE COLOM;43166;2871000,00
800041723-4;AMCOR RIGID PACKAGING DE COLOM;43167;940500,00
800041723-4;AMCOR RIGID PACKAGING DE COLOM;43168;6138000,00
800041723-4;AMCOR RIGID PACKAGING DE COLOM;43169;4059000,00
800041723-4;AMCOR RIGID PACKAGING DE COLOM;43174;15246000,00
800041723-4;AMCOR RIGID PACKAGING DE COLOM;43175;19057500,00
800041723-4;AMCOR RIGID PACKAGING DE COLOM;43176;15939000,00
800041723-4;AMCOR RIGID PACKAGING DE COLOM;43198;9607950,00
800041723-4;AMCOR RIGID PACKAGING DE COLOM;43249;1782000,00
800041723-4;AMCOR RIGID PACKAGING DE COLOM;43297;20453400,00
800041723-4;AMCOR RIGID PACKAGING DE COLOM;43298;22849200,00
800041723-4;AMCOR RIGID PACKAGING DE COLOM;43299;2920500,00
890903938-8;BANCOLOMBIA SA                ;43116;604951,00
890903938-8;BANCOLOMBIA SA                ;43117;946032,00
901856164-1;BOOST MARKET S.A.S            ;42921;5039100,00
830043084-4;C I CARBOCOQUE S A            ;41724;4870652,00
830043084-4;C I CARBOCOQUE S A            ;41814;4927082,00
830043084-4;C I CARBOCOQUE S A            ;41834;4968266,00
830043084-4;C I CARBOCOQUE S A            ;41836;4953910,00
830043084-4;C I CARBOCOQUE S A            ;41837;4949604,00
830043084-4;C I CARBOCOQUE S A            ;41838;4962524,00
830043084-4;C I CARBOCOQUE S A            ;41839;4692996,00
830043084-4;C I CARBOCOQUE S A            ;41841;5021379,00
830043084-4;C I CARBOCOQUE S A            ;42029;4694382,00
830043084-4;C I CARBOCOQUE S A            ;42051;5266404,00
830043084-4;C I CARBOCOQUE S A            ;42052;5376888,00
830043084-4;C I CARBOCOQUE S A            ;42053;5421388,00
830043084-4;C I CARBOCOQUE S A            ;42054;5295560,00
830043084-4;C I CARBOCOQUE S A            ;42055;5367681,00
830043084-4;C I CARBOCOQUE S A            ;42056;5330853,00
830043084-4;C I CARBOCOQUE S A            ;42057;4991085,00
830043084-4;C I CARBOCOQUE S A            ;42058;5315508,00
830043084-4;C I CARBOCOQUE S A            ;42410;5372928,00
830043084-4;C I CARBOCOQUE S A            ;42411;5452078,00
830043084-4;C I CARBOCOQUE S A            ;42412;5351346,00
830043084-4;C I CARBOCOQUE S A            ;42413;5292490,00
830043084-4;C I CARBOCOQUE S A            ;42414;5372284,00
830043084-4;C I CARBOCOQUE S A            ;42415;5298628,00
830043084-4;C I CARBOCOQUE S A            ;42416;5238783,00
830043084-4;C I CARBOCOQUE S A            ;42456;5651910,00
830043084-4;C I CARBOCOQUE S A            ;42457;5777690,00
830043084-4;C I CARBOCOQUE S A            ;42458;5713983,00
830043084-4;C I CARBOCOQUE S A            ;42459;5632308,00
830043084-4;C I CARBOCOQUE S A            ;42746;5940742,00
830043084-4;C I CARBOCOQUE S A            ;42747;4999995,00
830043084-4;C I CARBOCOQUE S A            ;42748;5860998,00
830043084-4;C I CARBOCOQUE S A            ;42749;5710716,00
830043084-4;C I CARBOCOQUE S A            ;42750;5635575,00
830043084-4;C I CARBOCOQUE S A            ;42752;5682946,00
830043084-4;C I CARBOCOQUE S A            ;42753;6055088,00
830043084-4;C I CARBOCOQUE S A            ;42754;5923418,00
830043084-4;C I CARBOCOQUE S A            ;42755;5996430,00
830043084-4;C I CARBOCOQUE S A            ;42824;5590926,00
830043084-4;C I CARBOCOQUE S A            ;42825;6413913,00
830043084-4;C I CARBOCOQUE S A            ;42826;6269224,00
830043084-4;C I CARBOCOQUE S A            ;42827;6391935,00
830043084-4;C I CARBOCOQUE S A            ;42828;6347979,00
830043084-4;C I CARBOCOQUE S A            ;42829;6329664,00
830043084-4;C I CARBOCOQUE S A            ;42830;6468858,00
830043084-4;C I CARBOCOQUE S A            ;42831;6430396,00
830043084-4;C I CARBOCOQUE S A            ;42863;6039198,00
830043084-4;C I CARBOCOQUE S A            ;42949;6221605,00
830043084-4;C I CARBOCOQUE S A            ;42950;6503656,00
830043084-4;C I CARBOCOQUE S A            ;42951;6344316,00
830043084-4;C I CARBOCOQUE S A            ;42952;6340653,00
830043084-4;C I CARBOCOQUE S A            ;42953;6294866,00
830043084-4;C I CARBOCOQUE S A            ;42964;6463314,00
830043084-4;C I CARBOCOQUE S A            ;42981;6419408,00
830043084-4;C I CARBOCOQUE S A            ;42982;6363423,00
830043084-4;C I CARBOCOQUE S A            ;42983;6253038,00
830043084-4;C I CARBOCOQUE S A            ;42984;6291202,00
830043084-4;C I CARBOCOQUE S A            ;42985;6333327,00
830043084-4;C I CARBOCOQUE S A            ;42986;6355305,00
830043084-4;C I CARBOCOQUE S A            ;43224;6610032,00
830043084-4;C I CARBOCOQUE S A            ;43225;6654434,00
830043084-4;C I CARBOCOQUE S A            ;43226;6378471,00
830043084-4;C I CARBOCOQUE S A            ;43227;6076620,00
830043084-4;C I CARBOCOQUE S A            ;43293;6348375,00
830043084-4;C I CARBOCOQUE S A            ;43307;6611962,00
830043084-4;C I CARBOCOQUE S A            ;43330;6352137,00
830043084-4;C I CARBOCOQUE S A            ;43331;6602310,00
830043084-4;C I CARBOCOQUE S A            ;43339;6638990,00
830043084-4;C I CARBOCOQUE S A            ;43340;6774124,00
830043084-4;C I CARBOCOQUE S A            ;43341;6591024,00
830043084-4;C I CARBOCOQUE S A            ;43342;6604191,00
830043084-4;C I CARBOCOQUE S A            ;43343;6579144,00
830043084-4;C I CARBOCOQUE S A            ;43344;6446187,00
830043084-4;C I CARBOCOQUE S A            ;43345;6305656,00
830043084-4;C I CARBOCOQUE S A            ;43346;6718140,00
830043084-4;C I CARBOCOQUE S A            ;43347;6542118,00
830043084-4;C I CARBOCOQUE S A            ;43359;6269076,00
900901001-9;CALA COLOMBIA S.A.S.          ;41942;1534500,00
900901001-9;CALA COLOMBIA S.A.S.          ;42158;1633500,00
900901001-9;CALA COLOMBIA S.A.S.          ;42159;198000,00
900901001-9;CALA COLOMBIA S.A.S.          ;42169;544500,00
900901001-9;CALA COLOMBIA S.A.S.          ;42177;24309450,00
900901001-9;CALA COLOMBIA S.A.S.          ;42199;544500,00
900901001-9;CALA COLOMBIA S.A.S.          ;42200;26378550,00
900901001-9;CALA COLOMBIA S.A.S.          ;42230;4947030,00
900901001-9;CALA COLOMBIA S.A.S.          ;42377;3019500,00
900901001-9;CALA COLOMBIA S.A.S.          ;42444;4940100,00
900901001-9;CALA COLOMBIA S.A.S.          ;42596;1213740,00
900901001-9;CALA COLOMBIA S.A.S.          ;42597;1112760,00
900901001-9;CALA COLOMBIA S.A.S.          ;42598;8659035,00
900901001-9;CALA COLOMBIA S.A.S.          ;42771;15293520,00
900901001-9;CALA COLOMBIA S.A.S.          ;42806;4947030,00
900901001-9;CALA COLOMBIA S.A.S.          ;43075;23140260,00
900901001-9;CALA COLOMBIA S.A.S.          ;43076;11682000,00
900901001-9;CALA COLOMBIA S.A.S.          ;43077;990000,00
900901001-9;CALA COLOMBIA S.A.S.          ;43178;3750120,00
900901001-9;CALA COLOMBIA S.A.S.          ;43261;3019500,00
900901001-9;CALA COLOMBIA S.A.S.          ;43272;2866050,00
900901001-9;CALA COLOMBIA S.A.S.          ;43430;15627150,00
900901001-9;CALA COLOMBIA S.A.S.          ;43431;3217500,00
901380949-1;CARIBEMAR DE LA COSTA SAS ESP ;41048;9943560,00
901380949-1;CARIBEMAR DE LA COSTA SAS ESP ;41786;67404116,00
901380949-1;CARIBEMAR DE LA COSTA SAS ESP ;41787;28297170,00
901380949-1;CARIBEMAR DE LA COSTA SAS ESP ;41797;25447950,00
901380949-1;CARIBEMAR DE LA COSTA SAS ESP ;41799;15166800,00
901380949-1;CARIBEMAR DE LA COSTA SAS ESP ;41800;152895600,00
901380949-1;CARIBEMAR DE LA COSTA SAS ESP ;41828;39314943,00
901380949-1;CARIBEMAR DE LA COSTA SAS ESP ;41829;34848990,00
901380949-1;CARIBEMAR DE LA COSTA SAS ESP ;41832;31163220,00
901380949-1;CARIBEMAR DE LA COSTA SAS ESP ;42212;13266000,00
901380949-1;CARIBEMAR DE LA COSTA SAS ESP ;42213;13266000,00
901380949-1;CARIBEMAR DE LA COSTA SAS ESP ;42215;58354065,00
901380949-1;CARIBEMAR DE LA COSTA SAS ESP ;42220;39807900,00
901380949-1;CARIBEMAR DE LA COSTA SAS ESP ;42221;39481200,00
901380949-1;CARIBEMAR DE LA COSTA SAS ESP ;42222;44460900,00
901380949-1;CARIBEMAR DE LA COSTA SAS ESP ;42240;79516800,00
901380949-1;CARIBEMAR DE LA COSTA SAS ESP ;42241;13851486,00
901380949-1;CARIBEMAR DE LA COSTA SAS ESP ;42242;52836300,00
901380949-1;CARIBEMAR DE LA COSTA SAS ESP ;42243;20075418,00
901380949-1;CARIBEMAR DE LA COSTA SAS ESP ;42244;37377450,00
901380949-1;CARIBEMAR DE LA COSTA SAS ESP ;42245;23616450,00
901380949-1;CARIBEMAR DE LA COSTA SAS ESP ;43113;36428040,00
901380949-1;CARIBEMAR DE LA COSTA SAS ESP ;43128;18435780,00
901380949-1;CARIBEMAR DE LA COSTA SAS ESP ;43129;12464001,00
901380949-1;CARIBEMAR DE LA COSTA SAS ESP ;43130;38313000,00
901380949-1;CARIBEMAR DE LA COSTA SAS ESP ;43131;24224904,00
900900469-7;CENTRO DE FORMACION DE ACTORES;42728;221371,00
890301884-5;COLOMBINA S A                 ;41190;5445000,00
890301884-5;COLOMBINA S A                 ;41191;3861000,00
890301884-5;COLOMBINA S A                 ;41198;716190,00
890301884-5;COLOMBINA S A                 ;41199;716190,00
890301884-5;COLOMBINA S A                 ;41200;100138,00
890301884-5;COLOMBINA S A                 ;41201;123700,00
890301884-5;COLOMBINA S A                 ;42614;3861000,00
890301884-5;COLOMBINA S A                 ;42619;3861000,00
890301884-5;COLOMBINA S A                 ;42665;5445000,00
890301884-5;COLOMBINA S A                 ;42666;1584000,00
890301884-5;COLOMBINA S A                 ;42667;3861000,00
890301884-5;COLOMBINA S A                 ;42686;940500,00
890301884-5;COLOMBINA S A                 ;42687;1089000,00
890301884-5;COLOMBINA S A                 ;42787;2772000,00
890301884-5;COLOMBINA S A                 ;42788;207900,00
890301884-5;COLOMBINA S A                 ;42962;1782000,00
890301884-5;COLOMBINA S A                 ;42963;5445000,00
890301884-5;COLOMBINA S A                 ;42980;3861000,00
890301884-5;COLOMBINA S A                 ;43049;3861000,00
890301884-5;COLOMBINA S A                 ;43050;5445000,00
890301884-5;COLOMBINA S A                 ;43106;5841000,00
890301884-5;COLOMBINA S A                 ;43107;138600,00
890301884-5;COLOMBINA S A                 ;43109;138600,00
890301884-5;COLOMBINA S A                 ;43118;6336000,00
890301884-5;COLOMBINA S A                 ;43122;4158000,00
890301884-5;COLOMBINA S A                 ;43238;3910500,00
890301884-5;COLOMBINA S A                 ;43239;1881000,00
890301884-5;COLOMBINA S A                 ;43240;940500,00
890301884-5;COLOMBINA S A                 ;43260;3861000,00
890301884-5;COLOMBINA S A                 ;43327;4127310,00
890301884-5;COLOMBINA S A                 ;43328;940500,00
901846940-8;COMERCIALIZADORA DIA SAS      ;43039;2128500,00
811036030-9;COMPANIA NACIONAL DE CHOCOLATE;42776;8474400,00
811036030-9;COMPANIA NACIONAL DE CHOCOLATE;42903;18315000,00
811036030-9;COMPANIA NACIONAL DE CHOCOLATE;42904;20196000,00
811036030-9;COMPANIA NACIONAL DE CHOCOLATE;43123;8474400,00
811036030-9;COMPANIA NACIONAL DE CHOCOLATE;43127;5296500,00
811036030-9;COMPANIA NACIONAL DE CHOCOLATE;43154;8474400,00
811036030-9;COMPANIA NACIONAL DE CHOCOLATE;43294;8474400,00
811036030-9;COMPANIA NACIONAL DE CHOCOLATE;43295;8474400,00
901688220-5;CONSORCIO ITC INGENIERIA      ;42375;19029676,00
901688220-5;CONSORCIO ITC INGENIERIA      ;42441;36943040,00
901688220-5;CONSORCIO ITC INGENIERIA      ;42859;2278732,00
901688220-5;CONSORCIO ITC INGENIERIA      ;42920;1741786,00
901688220-5;CONSORCIO ITC INGENIERIA      ;43054;708374,00
900521016-8;CONSTRU IMPORTADOS S A S      ;42965;5049000,00
890904478-6;COOPERATIVA COLANTA LTDA      ;40164;330308,00
890904478-6;COOPERATIVA COLANTA LTDA      ;42713;35256785,00
890904478-6;COOPERATIVA COLANTA LTDA      ;42715;19108076,00
890904478-6;COOPERATIVA COLANTA LTDA      ;42719;29782757,00
890904478-6;COOPERATIVA COLANTA LTDA      ;42832;22660918,00
890904478-6;COOPERATIVA COLANTA LTDA      ;42838;5239609,00
890904478-6;COOPERATIVA COLANTA LTDA      ;42842;340992,00
890904478-6;COOPERATIVA COLANTA LTDA      ;42847;3689408,00
890904478-6;COOPERATIVA COLANTA LTDA      ;42858;29969045,00
890904478-6;COOPERATIVA COLANTA LTDA      ;42860;7200802,00
890904478-6;COOPERATIVA COLANTA LTDA      ;42873;5772487,00
890904478-6;COOPERATIVA COLANTA LTDA      ;42941;7380796,00
890904478-6;COOPERATIVA COLANTA LTDA      ;42955;30634968,00
890904478-6;COOPERATIVA COLANTA LTDA      ;42957;30404628,00
890904478-6;COOPERATIVA COLANTA LTDA      ;42958;854966,00
890904478-6;COOPERATIVA COLANTA LTDA      ;42971;7856305,00
890904478-6;COOPERATIVA COLANTA LTDA      ;42972;30095069,00
890904478-6;COOPERATIVA COLANTA LTDA      ;42973;30119987,00
890904478-6;COOPERATIVA COLANTA LTDA      ;42974;24597194,00
890904478-6;COOPERATIVA COLANTA LTDA      ;42975;670990,00
890904478-6;COOPERATIVA COLANTA LTDA      ;42977;2787610,00
890904478-6;COOPERATIVA COLANTA LTDA      ;43027;3012200,00
890904478-6;COOPERATIVA COLANTA LTDA      ;43029;2811110,00
890904478-6;COOPERATIVA COLANTA LTDA      ;43030;8433330,00
890904478-6;COOPERATIVA COLANTA LTDA      ;43031;4137083,00
890904478-6;COOPERATIVA COLANTA LTDA      ;43032;8433330,00
890904478-6;COOPERATIVA COLANTA LTDA      ;43033;8474578,00
890904478-6;COOPERATIVA COLANTA LTDA      ;43034;12711867,00
890904478-6;COOPERATIVA COLANTA LTDA      ;43035;3420950,00
890904478-6;COOPERATIVA COLANTA LTDA      ;43108;31913161,00
890904478-6;COOPERATIVA COLANTA LTDA      ;43110;35441298,00
890904478-6;COOPERATIVA COLANTA LTDA      ;43114;2386941,00
890904478-6;COOPERATIVA COLANTA LTDA      ;43115;12515471,00
890904478-6;COOPERATIVA COLANTA LTDA      ;43126;4403971,00
890904478-6;COOPERATIVA COLANTA LTDA      ;43133;10404508,00
890904478-6;COOPERATIVA COLANTA LTDA      ;43142;31188095,00
890904478-6;COOPERATIVA COLANTA LTDA      ;43143;31547377,00
890904478-6;COOPERATIVA COLANTA LTDA      ;43149;30977499,00
890904478-6;COOPERATIVA COLANTA LTDA      ;43150;15157742,00
890904478-6;COOPERATIVA COLANTA LTDA      ;43300;31720063,00
890904478-6;COOPERATIVA COLANTA LTDA      ;43301;30227538,00
890904478-6;COOPERATIVA COLANTA LTDA      ;43302;13100709,00
890904478-6;COOPERATIVA COLANTA LTDA      ;43304;6607061,00
890904478-6;COOPERATIVA COLANTA LTDA      ;43305;11177641,00
890904478-6;COOPERATIVA COLANTA LTDA      ;43318;31119483,00
890904478-6;COOPERATIVA COLANTA LTDA      ;43319;32973552,00
890904478-6;COOPERATIVA COLANTA LTDA      ;43320;28922342,00
890904478-6;COOPERATIVA COLANTA LTDA      ;43321;12391286,00
890904478-6;COOPERATIVA COLANTA LTDA      ;43322;704159,00
890904478-6;COOPERATIVA COLANTA LTDA      ;43333;1178462,00
890904478-6;COOPERATIVA COLANTA LTDA      ;43406;4859942,00
890904478-6;COOPERATIVA COLANTA LTDA      ;43427;30260531,00
890904478-6;COOPERATIVA COLANTA LTDA      ;43428;28953650,00
890904478-6;COOPERATIVA COLANTA LTDA      ;43433;30313527,00
890904478-6;COOPERATIVA COLANTA LTDA      ;43434;7630994,00
890904478-6;COOPERATIVA COLANTA LTDA      ;43441;4518797,00
890904478-6;COOPERATIVA COLANTA LTDA      ;43448;27991242,00
890904478-6;COOPERATIVA COLANTA LTDA      ;43449;20542511,00
800134371-5;CORTEACEROS SA                ;42852;1485000,00
800134371-5;CORTEACEROS SA                ;42908;5459444,00
800134371-5;CORTEACEROS SA                ;42909;2595321,00
800134371-5;CORTEACEROS SA                ;42939;1188000,00
800134371-5;CORTEACEROS SA                ;43068;1386000,00
800134371-5;CORTEACEROS SA                ;43267;3474425,00
800134371-5;CORTEACEROS SA                ;43268;2722500,00
800134371-5;CORTEACEROS SA                ;43337;3059793,00
1053795188-0;DANIEL RAMIREZ VASQUEZ        ;42534;4158000,00
900260192-5;DISTRIBUIDORA BRAHMAN SAS     ;42976;9244472,00
800114140-5;DISTRIBUIDORA DE COLORANTES Y ;43407;5049000,00
900160948-7;DOBLACERO S.A.S.              ;42684;990000,00
900160948-7;DOBLACERO S.A.S.              ;43242;7128000,00
900933906-6;DYD LOGISTICA Y EMPAQUES SAS  ;49147;1584000,00
900933906-6;DYD LOGISTICA Y EMPAQUES SAS  ;49158;1584000,00
900098858-8;ECCOSIS INGENIERIA S.A.S      ;41204;708374,00
900098858-8;ECCOSIS INGENIERIA S.A.S      ;41930;1416747,00
900098858-8;ECCOSIS INGENIERIA S.A.S      ;42237;708374,00
900502758-3;ECO - DESARROLLOS MINEROS S.A.;46113;2197000,00
900502758-3;ECO - DESARROLLOS MINEROS S.A.;46138;3465000,00
901211665-1;ECOTANQUES S.A.S              ;42954;1416747,00
800256143-6;EMPRESA DE AGREGADOS CALCAREOS;43215;3204259,00
890909001-1;EMPRESA DE DISTRIBUCIONES INDU;42742;544500,00
890909001-1;EMPRESA DE DISTRIBUCIONES INDU;42871;544500,00
890909001-1;EMPRESA DE DISTRIBUCIONES INDU;42874;500763,00
890909001-1;EMPRESA DE DISTRIBUCIONES INDU;42879;500763,00
890909001-1;EMPRESA DE DISTRIBUCIONES INDU;42880;500763,00
890909001-1;EMPRESA DE DISTRIBUCIONES INDU;42883;490892,00
890909001-1;EMPRESA DE DISTRIBUCIONES INDU;42885;490892,00
890909001-1;EMPRESA DE DISTRIBUCIONES INDU;42886;490892,00
890909001-1;EMPRESA DE DISTRIBUCIONES INDU;42887;262350,00
890909001-1;EMPRESA DE DISTRIBUCIONES INDU;42888;913879,00
890909001-1;EMPRESA DE DISTRIBUCIONES INDU;42889;772200,00
890909001-1;EMPRESA DE DISTRIBUCIONES INDU;42890;834482,00
890909001-1;EMPRESA DE DISTRIBUCIONES INDU;42891;913733,00
890909001-1;EMPRESA DE DISTRIBUCIONES INDU;42892;484176,00
890909001-1;EMPRESA DE DISTRIBUCIONES INDU;42893;938520,00
890909001-1;EMPRESA DE DISTRIBUCIONES INDU;42894;539403,00
890909001-1;EMPRESA DE DISTRIBUCIONES INDU;42895;841500,00
890909001-1;EMPRESA DE DISTRIBUCIONES INDU;42896;821700,00
890909001-1;EMPRESA DE DISTRIBUCIONES INDU;42897;938520,00
890909001-1;EMPRESA DE DISTRIBUCIONES INDU;42915;539403,00
890909001-1;EMPRESA DE DISTRIBUCIONES INDU;42916;799168,00
890909001-1;EMPRESA DE DISTRIBUCIONES INDU;42924;306900,00
890909001-1;EMPRESA DE DISTRIBUCIONES INDU;42925;492314,00
890909001-1;EMPRESA DE DISTRIBUCIONES INDU;42926;400902,00
890909001-1;EMPRESA DE DISTRIBUCIONES INDU;42927;490892,00
890909001-1;EMPRESA DE DISTRIBUCIONES INDU;42928;492314,00
890909001-1;EMPRESA DE DISTRIBUCIONES INDU;42929;868230,00
890909001-1;EMPRESA DE DISTRIBUCIONES INDU;42930;484959,00
890909001-1;EMPRESA DE DISTRIBUCIONES INDU;42931;494765,00
890909001-1;EMPRESA DE DISTRIBUCIONES INDU;42932;494765,00
890909001-1;EMPRESA DE DISTRIBUCIONES INDU;42933;494765,00
890909001-1;EMPRESA DE DISTRIBUCIONES INDU;42934;494765,00
890909001-1;EMPRESA DE DISTRIBUCIONES INDU;42935;477464,00
890909001-1;EMPRESA DE DISTRIBUCIONES INDU;42936;801619,00
890909001-1;EMPRESA DE DISTRIBUCIONES INDU;43080;491882,00
890909001-1;EMPRESA DE DISTRIBUCIONES INDU;43081;306900,00
890909001-1;EMPRESA DE DISTRIBUCIONES INDU;43082;306900,00
890909001-1;EMPRESA DE DISTRIBUCIONES INDU;43084;306900,00
890909001-1;EMPRESA DE DISTRIBUCIONES INDU;43085;306900,00
890909001-1;EMPRESA DE DISTRIBUCIONES INDU;43086;306900,00
890909001-1;EMPRESA DE DISTRIBUCIONES INDU;43087;306900,00
890909001-1;EMPRESA DE DISTRIBUCIONES INDU;43088;306900,00
890909001-1;EMPRESA DE DISTRIBUCIONES INDU;43089;306900,00
890909001-1;EMPRESA DE DISTRIBUCIONES INDU;43090;306900,00
890909001-1;EMPRESA DE DISTRIBUCIONES INDU;43091;306900,00
890909001-1;EMPRESA DE DISTRIBUCIONES INDU;43092;1124640,00
890909001-1;EMPRESA DE DISTRIBUCIONES INDU;43093;306900,00
890909001-1;EMPRESA DE DISTRIBUCIONES INDU;43094;306900,00
890909001-1;EMPRESA DE DISTRIBUCIONES INDU;43095;484176,00
890909001-1;EMPRESA DE DISTRIBUCIONES INDU;43099;544500,00
890909001-1;EMPRESA DE DISTRIBUCIONES INDU;43100;621720,00
890909001-1;EMPRESA DE DISTRIBUCIONES INDU;43101;3712500,00
890909001-1;EMPRESA DE DISTRIBUCIONES INDU;43155;2851200,00
890909001-1;EMPRESA DE DISTRIBUCIONES INDU;43156;544500,00
890909001-1;EMPRESA DE DISTRIBUCIONES INDU;43157;3861000,00
890909001-1;EMPRESA DE DISTRIBUCIONES INDU;43181;306900,00
890909001-1;EMPRESA DE DISTRIBUCIONES INDU;43182;306900,00
890909001-1;EMPRESA DE DISTRIBUCIONES INDU;43183;306900,00
890909001-1;EMPRESA DE DISTRIBUCIONES INDU;43184;306900,00
890909001-1;EMPRESA DE DISTRIBUCIONES INDU;43185;7326000,00
890909001-1;EMPRESA DE DISTRIBUCIONES INDU;43186;306900,00
890909001-1;EMPRESA DE DISTRIBUCIONES INDU;43187;306900,00
890909001-1;EMPRESA DE DISTRIBUCIONES INDU;43189;306900,00
890909001-1;EMPRESA DE DISTRIBUCIONES INDU;43190;306900,00
890909001-1;EMPRESA DE DISTRIBUCIONES INDU;43191;306900,00
890909001-1;EMPRESA DE DISTRIBUCIONES INDU;43192;488070,00
890909001-1;EMPRESA DE DISTRIBUCIONES INDU;43193;1124640,00
890909001-1;EMPRESA DE DISTRIBUCIONES INDU;43194;1124640,00
890909001-1;EMPRESA DE DISTRIBUCIONES INDU;43195;1811700,00
890909001-1;EMPRESA DE DISTRIBUCIONES INDU;43196;1124640,00
890909001-1;EMPRESA DE DISTRIBUCIONES INDU;43197;2047320,00
890909001-1;EMPRESA DE DISTRIBUCIONES INDU;43199;1124640,00
890909001-1;EMPRESA DE DISTRIBUCIONES INDU;43200;1124640,00
890909001-1;EMPRESA DE DISTRIBUCIONES INDU;43201;1124640,00
890909001-1;EMPRESA DE DISTRIBUCIONES INDU;43202;1124640,00
890909001-1;EMPRESA DE DISTRIBUCIONES INDU;43203;1124640,00
890909001-1;EMPRESA DE DISTRIBUCIONES INDU;43204;1929510,00
890909001-1;EMPRESA DE DISTRIBUCIONES INDU;43205;1124640,00
890909001-1;EMPRESA DE DISTRIBUCIONES INDU;43206;545242,00
890909001-1;EMPRESA DE DISTRIBUCIONES INDU;43208;545972,00
890909001-1;EMPRESA DE DISTRIBUCIONES INDU;43209;540710,00
890909001-1;EMPRESA DE DISTRIBUCIONES INDU;43212;3316500,00
890909001-1;EMPRESA DE DISTRIBUCIONES INDU;43214;1929510,00
890909001-1;EMPRESA DE DISTRIBUCIONES INDU;43286;544500,00
890909001-1;EMPRESA DE DISTRIBUCIONES INDU;43288;712800,00
890909001-1;EMPRESA DE DISTRIBUCIONES INDU;43289;712800,00
890909001-1;EMPRESA DE DISTRIBUCIONES INDU;43291;7504200,00
890909001-1;EMPRESA DE DISTRIBUCIONES INDU;43303;940500,00
890909001-1;EMPRESA DE DISTRIBUCIONES INDU;43338;5395500,00
890909001-1;EMPRESA DE DISTRIBUCIONES INDU;43363;455400,00
890909001-1;EMPRESA DE DISTRIBUCIONES INDU;43364;1188000,00
890909001-1;EMPRESA DE DISTRIBUCIONES INDU;43366;1124640,00
890909001-1;EMPRESA DE DISTRIBUCIONES INDU;43367;306900,00
890909001-1;EMPRESA DE DISTRIBUCIONES INDU;43368;306900,00
890909001-1;EMPRESA DE DISTRIBUCIONES INDU;43369;306900,00
890909001-1;EMPRESA DE DISTRIBUCIONES INDU;43370;306900,00
890909001-1;EMPRESA DE DISTRIBUCIONES INDU;43372;1664438,00
890909001-1;EMPRESA DE DISTRIBUCIONES INDU;43373;1124640,00
890909001-1;EMPRESA DE DISTRIBUCIONES INDU;43374;1124640,00
890909001-1;EMPRESA DE DISTRIBUCIONES INDU;43375;1915373,00
890909001-1;EMPRESA DE DISTRIBUCIONES INDU;43376;1124640,00
890909001-1;EMPRESA DE DISTRIBUCIONES INDU;43377;1124640,00
890909001-1;EMPRESA DE DISTRIBUCIONES INDU;43379;1124640,00
890909001-1;EMPRESA DE DISTRIBUCIONES INDU;43380;1324620,00
890909001-1;EMPRESA DE DISTRIBUCIONES INDU;43382;1124640,00
890909001-1;EMPRESA DE DISTRIBUCIONES INDU;43384;1124640,00
890909001-1;EMPRESA DE DISTRIBUCIONES INDU;43385;485100,00
890909001-1;EMPRESA DE DISTRIBUCIONES INDU;43387;398451,00
890909001-1;EMPRESA DE DISTRIBUCIONES INDU;43388;492314,00
890909001-1;EMPRESA DE DISTRIBUCIONES INDU;43389;494393,00
890909001-1;EMPRESA DE DISTRIBUCIONES INDU;43390;492314,00
890909001-1;EMPRESA DE DISTRIBUCIONES INDU;43391;552253,00
890909001-1;EMPRESA DE DISTRIBUCIONES INDU;43392;1287000,00
890909001-1;EMPRESA DE DISTRIBUCIONES INDU;43398;306900,00
890909001-1;EMPRESA DE DISTRIBUCIONES INDU;43399;306900,00
890909001-1;EMPRESA DE DISTRIBUCIONES INDU;43400;511192,00
890909001-1;EMPRESA DE DISTRIBUCIONES INDU;43401;423654,00
890909001-1;EMPRESA DE DISTRIBUCIONES INDU;43402;555389,00
890909001-1;EMPRESA DE DISTRIBUCIONES INDU;43403;346500,00
890909001-1;EMPRESA DE DISTRIBUCIONES INDU;43404;416620,00
890909001-1;EMPRESA DE DISTRIBUCIONES INDU;43405;487828,00
890909001-1;EMPRESA DE DISTRIBUCIONES INDU;43409;306900,00
860007538-2;FEDERACION NACIONAL DE CAFETER;43135;15311744,00
860007538-2;FEDERACION NACIONAL DE CAFETER;43151;2727382,00
860007538-2;FEDERACION NACIONAL DE CAFETER;43413;10499597,00
811025635-7;FEELING COMPANY S.A.S         ;40253;1158000,00
811025635-7;FEELING COMPANY S.A.S         ;42080;2161600,00
811025635-7;FEELING COMPANY S.A.S         ;42180;2591025,00
890913555-3;FERROINDUSTRIAL S.A.          ;42809;15432120,00
890913555-3;FERROINDUSTRIAL S.A.          ;42810;16535430,00
890913555-3;FERROINDUSTRIAL S.A.          ;42922;6435000,00
890913555-3;FERROINDUSTRIAL S.A.          ;43069;5333501,00
890913555-3;FERROINDUSTRIAL S.A.          ;43270;6237000,00
890913555-3;FERROINDUSTRIAL S.A.          ;43362;9157209,00
890913555-3;FERROINDUSTRIAL S.A.          ;43444;160380,00
891408584-5;FRSIBY SA                     ;42864;4059000,00
900911788-9;FRUTAFINO S A S               ;43858;1888250,00
900911788-9;FRUTAFINO S A S               ;47982;5395500,00
800172871-8;GEOCOL CONSULTORES S.A.       ;41614;11119953,00
800172871-8;GEOCOL CONSULTORES S.A.       ;42350;7351244,00
900493698-1;GEOPARK COLOMBIA S.A.S        ;43228;975880,00
900493698-1;GEOPARK COLOMBIA S.A.S        ;43229;924518,00
900493698-1;GEOPARK COLOMBIA S.A.S        ;43230;821794,00
900493698-1;GEOPARK COLOMBIA S.A.S        ;43231;3061595,00
900493698-1;GEOPARK COLOMBIA S.A.S        ;43232;924518,00
900493698-1;GEOPARK COLOMBIA S.A.S        ;43233;719070,00
900493698-1;GEOPARK COLOMBIA S.A.S        ;43234;31048420,00
900493698-1;GEOPARK COLOMBIA S.A.S        ;43235;2927641,00
900493698-1;GEOPARK COLOMBIA S.A.S        ;43236;975880,00
900493698-1;GEOPARK COLOMBIA S.A.S        ;43277;47764098,00
900493698-1;GEOPARK COLOMBIA S.A.S        ;43308;2946915,00
900493698-1;GEOPARK COLOMBIA S.A.S        ;43309;719070,00
900493698-1;GEOPARK COLOMBIA S.A.S        ;43310;23039603,00
900493698-1;GEOPARK COLOMBIA S.A.S        ;43311;1089870,00
900493698-1;GEOPARK COLOMBIA S.A.S        ;43312;708374,00
900493698-1;GEOPARK COLOMBIA S.A.S        ;43315;4227417,00
900037572-6;GLOBO PETROL S.A.S            ;43349;23352722,00
891300529-4;GRASAS S A                    ;41517;444015,00
891300529-4;GRASAS S A                    ;42398;2698740,00
891300529-4;GRASAS S A                    ;42512;4253268,00
891300529-4;GRASAS S A                    ;42599;2432628,00
891300529-4;GRASAS S A                    ;42601;3814141,00
891300529-4;GRASAS S A                    ;42602;1485000,00
891300529-4;GRASAS S A                    ;42603;3676063,00
891300529-4;GRASAS S A                    ;42604;3583998,00
891300529-4;GRASAS S A                    ;42605;3355747,00
891300529-4;GRASAS S A                    ;42610;2277000,00
891300529-4;GRASAS S A                    ;42613;3718048,00
891300529-4;GRASAS S A                    ;42618;3347685,00
891300529-4;GRASAS S A                    ;42760;2023560,00
891300529-4;GRASAS S A                    ;42761;3811927,00
891300529-4;GRASAS S A                    ;42762;4181067,00
891300529-4;GRASAS S A                    ;42763;2698542,00
891300529-4;GRASAS S A                    ;42764;1810710,00
891300529-4;GRASAS S A                    ;42765;1683000,00
891300529-4;GRASAS S A                    ;42766;2084671,00
891300529-4;GRASAS S A                    ;42767;1584000,00
891300529-4;GRASAS S A                    ;42768;1962774,00
891300529-4;GRASAS S A                    ;42769;2561823,00
891300529-4;GRASAS S A                    ;42770;2190375,00
891300529-4;GRASAS S A                    ;42789;3560931,00
891300529-4;GRASAS S A                    ;42790;3656367,00
891300529-4;GRASAS S A                    ;42791;3662388,00
891300529-4;GRASAS S A                    ;42792;3476286,00
891300529-4;GRASAS S A                    ;42793;4268484,00
891300529-4;GRASAS S A                    ;42794;4740912,00
891300529-4;GRASAS S A                    ;42795;3596318,00
891300529-4;GRASAS S A                    ;42796;3564769,00
891300529-4;GRASAS S A                    ;42797;6055133,00
891300529-4;GRASAS S A                    ;42798;2603822,00
891300529-4;GRASAS S A                    ;42799;2178000,00
891300529-4;GRASAS S A                    ;42800;1485000,00
891300529-4;GRASAS S A                    ;42801;2271060,00
891300529-4;GRASAS S A                    ;42802;3844337,00
891300529-4;GRASAS S A                    ;42803;1584000,00
891300529-4;GRASAS S A                    ;42813;5677650,00
891300529-4;GRASAS S A                    ;42814;1995592,00
891300529-4;GRASAS S A                    ;42815;3476685,00
891300529-4;GRASAS S A                    ;42816;2383227,00
891300529-4;GRASAS S A                    ;42817;2315986,00
891300529-4;GRASAS S A                    ;42818;3554721,00
891300529-4;GRASAS S A                    ;42819;3593700,00
891300529-4;GRASAS S A                    ;42820;3557070,00
891300529-4;GRASAS S A                    ;42821;3588012,00
891300529-4;GRASAS S A                    ;42822;3649734,00
891300529-4;GRASAS S A                    ;42836;2604730,00
891300529-4;GRASAS S A                    ;42837;4195528,00
891300529-4;GRASAS S A                    ;42937;1683000,00
891300529-4;GRASAS S A                    ;42942;3717899,00
891300529-4;GRASAS S A                    ;42943;3809528,00
891300529-4;GRASAS S A                    ;42944;3459654,00
891300529-4;GRASAS S A                    ;42945;3548754,00
891300529-4;GRASAS S A                    ;42946;4812209,00
891300529-4;GRASAS S A                    ;42999;3903867,00
891300529-4;GRASAS S A                    ;43008;3692700,00
891300529-4;GRASAS S A                    ;43013;4313262,00
891300529-4;GRASAS S A                    ;43015;3152606,00
891300529-4;GRASAS S A                    ;43016;1683000,00
891300529-4;GRASAS S A                    ;43019;1584000,00
891300529-4;GRASAS S A                    ;43023;3168000,00
891300529-4;GRASAS S A                    ;43024;1805987,00
891300529-4;GRASAS S A                    ;43025;3811749,00
891300529-4;GRASAS S A                    ;43026;3191612,00
891300529-4;GRASAS S A                    ;43070;3532122,00
891300529-4;GRASAS S A                    ;43071;2347290,00
891300529-4;GRASAS S A                    ;43078;3773930,00
891300529-4;GRASAS S A                    ;43079;3827421,00
891300529-4;GRASAS S A                    ;43119;3671514,00
891300529-4;GRASAS S A                    ;43120;3801946,00
891300529-4;GRASAS S A                    ;43121;3967970,00
891300529-4;GRASAS S A                    ;43152;3685622,00
891300529-4;GRASAS S A                    ;43153;3498088,00
891300529-4;GRASAS S A                    ;43164;3719108,00
891300529-4;GRASAS S A                    ;43207;3669416,00
891300529-4;GRASAS S A                    ;43210;3742355,00
891300529-4;GRASAS S A                    ;43211;3747823,00
891300529-4;GRASAS S A                    ;43250;4166168,00
891300529-4;GRASAS S A                    ;43252;1584000,00
891300529-4;GRASAS S A                    ;43253;3294374,00
891300529-4;GRASAS S A                    ;43255;1584000,00
891300529-4;GRASAS S A                    ;43266;1782000,00
891300529-4;GRASAS S A                    ;43273;3291156,00
891300529-4;GRASAS S A                    ;43274;3290760,00
891300529-4;GRASAS S A                    ;43275;2189320,00
891300529-4;GRASAS S A                    ;43276;2705561,00
860000100-9;HACH COLOMBIA SAS             ;43216;15440000,00
901397680-0;HORUS ENERGY GROUP S.A.S      ;27448;18107840,00
901397680-0;HORUS ENERGY GROUP S.A.S      ;27488;6722100,00
900326174-8;INTERDEKO SOCIEDAD POR ACCI   ;42654;10593000,00
900667590-1;ISA INTERCOLOMBIA S.A. E.S.P. ;43102;178166212,00
900667590-1;ISA INTERCOLOMBIA S.A. E.S.P. ;43134;157633575,00
860507248-7;J.E. JAIMES INGENIEROS S.A.S  ;43036;4950000,00
860507248-7;J.E. JAIMES INGENIEROS S.A.S  ;43037;2475000,00
860507248-7;J.E. JAIMES INGENIEROS S.A.S  ;43038;1782000,00
860507248-7;J.E. JAIMES INGENIEROS S.A.S  ;43348;27225000,00
800039996-1;KUEHNE Y NAGEL S.A            ;47966;3564000,00
901248821-4;LASENOR ANDINA S.A.S          ;42059;1059300,00
901248821-4;LASENOR ANDINA S.A.S          ;42359;940500,00
901248821-4;LASENOR ANDINA S.A.S          ;42454;4124340,00
901248821-4;LASENOR ANDINA S.A.S          ;42455;396000,00
901248821-4;LASENOR ANDINA S.A.S          ;42734;6303924,00
901248821-4;LASENOR ANDINA S.A.S          ;42870;772200,00
901248821-4;LASENOR ANDINA S.A.S          ;42938;544500,00
901248821-4;LASENOR ANDINA S.A.S          ;43006;1216710,00
900557226-3;LINARQ SAS                    ;43139;643500,00
71699416-9;LUIS FERNANDO PALACIO GOMEZ   ;43072;57374,00
830090773-0;MASSY ENERGY COLOMBIA S.A.S.  ;42759;83546100,00
830073450-5;MCS CONSULTORIA Y MONITOREO AM;42367;29553117,00
830073450-5;MCS CONSULTORIA Y MONITOREO AM;42368;25329093,00
830073450-5;MCS CONSULTORIA Y MONITOREO AM;42373;27334291,00
830073450-5;MCS CONSULTORIA Y MONITOREO AM;42374;28042665,00
830073450-5;MCS CONSULTORIA Y MONITOREO AM;42875;4036613,00
830073450-5;MCS CONSULTORIA Y MONITOREO AM;42876;7075727,00
830073450-5;MCS CONSULTORIA Y MONITOREO AM;42877;3635574,00
830073450-5;MCS CONSULTORIA Y MONITOREO AM;42878;2833495,00
860531287-5;MELEXA S.A.S.                 ;42521;4033354,00
860531287-5;MELEXA S.A.S.                 ;43141;2677950,00
811016211-1;MEZCLAS BIOMIX S A S          ;42833;6336000,00
811016211-1;MEZCLAS BIOMIX S A S          ;42834;4207500,00
811016211-1;MEZCLAS BIOMIX S A S          ;42835;11649298,00
811016211-1;MEZCLAS BIOMIX S A S          ;43064;5346000,00
811016211-1;MEZCLAS BIOMIX S A S          ;43067;1584000,00
811016211-1;MEZCLAS BIOMIX S A S          ;43103;13326656,00
811016211-1;MEZCLAS BIOMIX S A S          ;43357;6336000,00
811004786-0;MICRODENIER S A               ;43136;5940000,00
811004786-0;MICRODENIER S A               ;43137;5940000,00
811004786-0;MICRODENIER S A               ;43269;6633000,00
800064459-3;MOVILIZADORA ANDINA S.A.S     ;43365;3570000,00
800220041-8;NUTRESOL S.A.S                ;43381;693000,00
800220041-8;NUTRESOL S.A.S                ;43383;693000,00
800220041-8;NUTRESOL S.A.S                ;43443;1138500,00
811041552-1;OPERACIONES SERVICIOS Y LOGIST;42720;3000000,00
800204226-6;PIC COLOMBIA S.A.S            ;43358;6633000,00
811015231-2;PLANET CARGO S A S            ;42861;20592000,00
811015231-2;PLANET CARGO S A S            ;42862;1080000,00
811015231-2;PLANET CARGO S A S            ;43012;27918000,00
811015231-2;PLANET CARGO S A S            ;43096;5148000,00
811015231-2;PLANET CARGO S A S            ;43097;10296000,00
811015231-2;PLANET CARGO S A S            ;43098;10296000,00
811015231-2;PLANET CARGO S A S            ;43353;10296000,00
811015231-2;PLANET CARGO S A S            ;43354;37521000,00
811015231-2;PLANET CARGO S A S            ;43355;32076000,00
800102065-9;PLASSOL S A S                 ;42010;5643000,00
800102065-9;PLASSOL S A S                 ;42145;5742000,00
800102065-9;PLASSOL S A S                 ;42167;5742000,00
800102065-9;PLASSOL S A S                 ;42353;5742000,00
800102065-9;PLASSOL S A S                 ;42355;6336000,00
800102065-9;PLASSOL S A S                 ;42636;5841000,00
800102065-9;PLASSOL S A S                 ;42668;5841000,00
800102065-9;PLASSOL S A S                 ;42669;4356000,00
800102065-9;PLASSOL S A S                 ;42947;5841000,00
800102065-9;PLASSOL S A S                 ;42979;6138000,00
800102065-9;PLASSOL S A S                 ;43104;6138000,00
800102065-9;PLASSOL S A S                 ;43159;6138000,00
800102065-9;PLASSOL S A S                 ;43160;6237000,00
800102065-9;PLASSOL S A S                 ;43332;6138000,00
811018613-6;POLINYLON S A                 ;42914;5940000,00
811018613-6;POLINYLON S A                 ;43138;6237000,00
890804199-7;PRODUCTORA DE ALAMBRES COLOMBI;42163;1188000,00
890804199-7;PRODUCTORA DE ALAMBRES COLOMBI;42721;1633500,00
890804199-7;PRODUCTORA DE ALAMBRES COLOMBI;42722;1735470,00
890804199-7;PRODUCTORA DE ALAMBRES COLOMBI;42723;1737450,00
890804199-7;PRODUCTORA DE ALAMBRES COLOMBI;42725;2722500,00
890804199-7;PRODUCTORA DE ALAMBRES COLOMBI;42727;1633500,00
890804199-7;PRODUCTORA DE ALAMBRES COLOMBI;42729;376200,00
890804199-7;PRODUCTORA DE ALAMBRES COLOMBI;42730;2178000,00
890804199-7;PRODUCTORA DE ALAMBRES COLOMBI;42731;1693890,00
890804199-7;PRODUCTORA DE ALAMBRES COLOMBI;42775;2722500,00
890804199-7;PRODUCTORA DE ALAMBRES COLOMBI;42804;1831500,00
890804199-7;PRODUCTORA DE ALAMBRES COLOMBI;42805;1811700,00
890804199-7;PRODUCTORA DE ALAMBRES COLOMBI;42872;1395900,00
890804199-7;PRODUCTORA DE ALAMBRES COLOMBI;42882;1890900,00
890804199-7;PRODUCTORA DE ALAMBRES COLOMBI;42884;1717650,00
890804199-7;PRODUCTORA DE ALAMBRES COLOMBI;42989;3049200,00
890804199-7;PRODUCTORA DE ALAMBRES COLOMBI;42990;3049200,00
890804199-7;PRODUCTORA DE ALAMBRES COLOMBI;43007;2722500,00
890804199-7;PRODUCTORA DE ALAMBRES COLOMBI;43040;1732203,00
890804199-7;PRODUCTORA DE ALAMBRES COLOMBI;43062;3415500,00
890804199-7;PRODUCTORA DE ALAMBRES COLOMBI;43105;2875950,00
890804199-7;PRODUCTORA DE ALAMBRES COLOMBI;43124;1633500,00
890804199-7;PRODUCTORA DE ALAMBRES COLOMBI;43125;3415500,00
890804199-7;PRODUCTORA DE ALAMBRES COLOMBI;43262;3276900,00
890312630-9;PROTECNICA INGENIERIA S.A.S   ;42706;1019700,00
890312630-9;PROTECNICA INGENIERIA S.A.S   ;42710;891000,00
890312630-9;PROTECNICA INGENIERIA S.A.S   ;42778;382140,00
890312630-9;PROTECNICA INGENIERIA S.A.S   ;42905;1019700,00
890312630-9;PROTECNICA INGENIERIA S.A.S   ;43041;376200,00
890312630-9;PROTECNICA INGENIERIA S.A.S   ;43042;693000,00
890312630-9;PROTECNICA INGENIERIA S.A.S   ;43043;1098900,00
890312630-9;PROTECNICA INGENIERIA S.A.S   ;43046;821700,00
890312630-9;PROTECNICA INGENIERIA S.A.S   ;43219;693000,00
890312630-9;PROTECNICA INGENIERIA S.A.S   ;43220;693000,00
890312630-9;PROTECNICA INGENIERIA S.A.S   ;43271;772200,00
890312630-9;PROTECNICA INGENIERIA S.A.S   ;43282;693000,00
890312630-9;PROTECNICA INGENIERIA S.A.S   ;43296;821700,00
890312630-9;PROTECNICA INGENIERIA S.A.S   ;43394;346500,00
890312630-9;PROTECNICA INGENIERIA S.A.S   ;43395;2187900,00
890312630-9;PROTECNICA INGENIERIA S.A.S   ;43396;1039500,00
890312630-9;PROTECNICA INGENIERIA S.A.S   ;43397;970200,00
890312630-9;PROTECNICA INGENIERIA S.A.S   ;43437;1465200,00
890312630-9;PROTECNICA INGENIERIA S.A.S   ;43438;1098900,00
890312630-9;PROTECNICA INGENIERIA S.A.S   ;43439;1188000,00
800093320-2;PROYECTOS DE INGENIERIA S.A. P;43022;1633500,00
830513756-2;REFRILOGISTICA S A S          ;43265;5866700,00
900331462-4;S. O. S. PROMOX S. A. S.      ;44678;732600,00
890926628-9;SENCO COLOMBIANA S.A.S        ;42525;5544000,00
890926628-9;SENCO COLOMBIANA S.A.S        ;42677;5544000,00
890926628-9;SENCO COLOMBIANA S.A.S        ;42772;3465000,00
890926628-9;SENCO COLOMBIANA S.A.S        ;42773;3465000,00
890926628-9;SENCO COLOMBIANA S.A.S        ;43028;5643000,00
890926628-9;SENCO COLOMBIANA S.A.S        ;43378;4653000,00
890926628-9;SENCO COLOMBIANA S.A.S        ;43410;5445000,00
800151988-0;"SETAS COLOMBIANAS S.A ""SETAS S";42856;2806918,00
901432904-5;SICOLSA DEL CENTRO S.A.S.     ;41905;5049000,00
901432904-5;SICOLSA DEL CENTRO S.A.S.     ;42191;4455000,00
901085835-6;SINEA ZONA FRANCA SAS         ;41894;8014050,00
901085835-6;SINEA ZONA FRANCA SAS         ;42139;10068300,00
901085835-6;SINEA ZONA FRANCA SAS         ;42393;22993740,00
901085835-6;SINEA ZONA FRANCA SAS         ;42853;19880289,00
901085835-6;SINEA ZONA FRANCA SAS         ;43020;5870700,00
901085835-6;SINEA ZONA FRANCA SAS         ;43177;18094824,00
900738674-7;SMI COLOMBIA SAS              ;42394;23809500,00
900738674-7;SMI COLOMBIA SAS              ;42399;15082650,00
900738674-7;SMI COLOMBIA SAS              ;42404;43639200,00
900738674-7;SMI COLOMBIA SAS              ;42510;2475000,00
900738674-7;SMI COLOMBIA SAS              ;42511;5454900,00
900738674-7;SMI COLOMBIA SAS              ;42854;17869500,00
900738674-7;SMI COLOMBIA SAS              ;42855;6959700,00
900738674-7;SMI COLOMBIA SAS              ;42857;42025500,00
900738674-7;SMI COLOMBIA SAS              ;43017;6954750,00
900738674-7;SMI COLOMBIA SAS              ;43018;5766750,00
900738674-7;SMI COLOMBIA SAS              ;43021;20955924,00
900738674-7;SMI COLOMBIA SAS              ;43179;10246500,00
900738674-7;SMI COLOMBIA SAS              ;43180;19035324,00
890800718-1;SUCESORES DE JOSE JESUS RESTRE;43336;1034869,00
900631527-1;SURTICEREALES MEDELL?N S.A.S. ;48081;783500,00
860000006-4;TEAM FOODS COLOMBIA SA        ;39933;198000,00
860000006-4;TEAM FOODS COLOMBIA SA        ;40684;386100,00
860000006-4;TEAM FOODS COLOMBIA SA        ;40788;346500,00
860000006-4;TEAM FOODS COLOMBIA SA        ;41243;247500,00
860000006-4;TEAM FOODS COLOMBIA SA        ;41250;396000,00
860000006-4;TEAM FOODS COLOMBIA SA        ;41251;386100,00
860000006-4;TEAM FOODS COLOMBIA SA        ;41907;3366000,00
860000006-4;TEAM FOODS COLOMBIA SA        ;42248;1980000,00
860000006-4;TEAM FOODS COLOMBIA SA        ;42346;346973,00
860000006-4;TEAM FOODS COLOMBIA SA        ;42464;570240,00
860000006-4;TEAM FOODS COLOMBIA SA        ;42467;16661700,00
860000006-4;TEAM FOODS COLOMBIA SA        ;42488;198000,00
860000006-4;TEAM FOODS COLOMBIA SA        ;42489;198000,00
860000006-4;TEAM FOODS COLOMBIA SA        ;42490;198000,00
860000006-4;TEAM FOODS COLOMBIA SA        ;42495;346500,00
860000006-4;TEAM FOODS COLOMBIA SA        ;42496;396000,00
860000006-4;TEAM FOODS COLOMBIA SA        ;42497;396000,00
860000006-4;TEAM FOODS COLOMBIA SA        ;42498;1284030,00
860000006-4;TEAM FOODS COLOMBIA SA        ;42499;346500,00
860000006-4;TEAM FOODS COLOMBIA SA        ;42500;346500,00
860000006-4;TEAM FOODS COLOMBIA SA        ;42501;346500,00
860000006-4;TEAM FOODS COLOMBIA SA        ;42502;1284030,00
860000006-4;TEAM FOODS COLOMBIA SA        ;42503;1284030,00
860000006-4;TEAM FOODS COLOMBIA SA        ;42504;460350,00
860000006-4;TEAM FOODS COLOMBIA SA        ;42505;346500,00
860000006-4;TEAM FOODS COLOMBIA SA        ;42506;2970000,00
860000006-4;TEAM FOODS COLOMBIA SA        ;42520;26955307,00
860000006-4;TEAM FOODS COLOMBIA SA        ;42594;2080980,00
860000006-4;TEAM FOODS COLOMBIA SA        ;42651;921690,00
860000006-4;TEAM FOODS COLOMBIA SA        ;42655;27837293,00
860000006-4;TEAM FOODS COLOMBIA SA        ;42657;233640,00
860000006-4;TEAM FOODS COLOMBIA SA        ;42658;346500,00
860000006-4;TEAM FOODS COLOMBIA SA        ;42659;792990,00
860000006-4;TEAM FOODS COLOMBIA SA        ;42660;3770514,00
860000006-4;TEAM FOODS COLOMBIA SA        ;42661;16448808,00
860000006-4;TEAM FOODS COLOMBIA SA        ;42662;2475000,00
860000006-4;TEAM FOODS COLOMBIA SA        ;42663;495000,00
860000006-4;TEAM FOODS COLOMBIA SA        ;42673;6569640,00
860000006-4;TEAM FOODS COLOMBIA SA        ;42675;6569640,00
860000006-4;TEAM FOODS COLOMBIA SA        ;42688;425700,00
860000006-4;TEAM FOODS COLOMBIA SA        ;42689;732600,00
860000006-4;TEAM FOODS COLOMBIA SA        ;42690;4342140,00
860000006-4;TEAM FOODS COLOMBIA SA        ;42691;4217400,00
860000006-4;TEAM FOODS COLOMBIA SA        ;42692;396000,00
860000006-4;TEAM FOODS COLOMBIA SA        ;42693;1284030,00
860000006-4;TEAM FOODS COLOMBIA SA        ;42694;396000,00
860000006-4;TEAM FOODS COLOMBIA SA        ;42695;1089000,00
860000006-4;TEAM FOODS COLOMBIA SA        ;42697;5009400,00
860000006-4;TEAM FOODS COLOMBIA SA        ;42698;9413092,00
860000006-4;TEAM FOODS COLOMBIA SA        ;42703;783908,00
860000006-4;TEAM FOODS COLOMBIA SA        ;42705;1143450,00
860000006-4;TEAM FOODS COLOMBIA SA        ;42712;41680386,00
860000006-4;TEAM FOODS COLOMBIA SA        ;42716;86769311,00
860000006-4;TEAM FOODS COLOMBIA SA        ;42717;3362048,00
860000006-4;TEAM FOODS COLOMBIA SA        ;42718;3146431,00
860000006-4;TEAM FOODS COLOMBIA SA        ;42839;217800,00
860000006-4;TEAM FOODS COLOMBIA SA        ;42840;297000,00
860000006-4;TEAM FOODS COLOMBIA SA        ;42841;346500,00
860000006-4;TEAM FOODS COLOMBIA SA        ;42843;346500,00
860000006-4;TEAM FOODS COLOMBIA SA        ;42844;485100,00
860000006-4;TEAM FOODS COLOMBIA SA        ;42845;3249878,00
860000006-4;TEAM FOODS COLOMBIA SA        ;42846;7469550,00
860000006-4;TEAM FOODS COLOMBIA SA        ;42850;20757382,00
860000006-4;TEAM FOODS COLOMBIA SA        ;42995;10435392,00
860000006-4;TEAM FOODS COLOMBIA SA        ;42996;2376000,00
860000006-4;TEAM FOODS COLOMBIA SA        ;42997;12190266,00
860000006-4;TEAM FOODS COLOMBIA SA        ;42998;2062962,00
860000006-4;TEAM FOODS COLOMBIA SA        ;43001;9761400,00
860000006-4;TEAM FOODS COLOMBIA SA        ;43004;2564100,00
860000006-4;TEAM FOODS COLOMBIA SA        ;43014;26712042,00
860000006-4;TEAM FOODS COLOMBIA SA        ;43044;198000,00
860000006-4;TEAM FOODS COLOMBIA SA        ;43045;346500,00
860000006-4;TEAM FOODS COLOMBIA SA        ;43047;1064250,00
860000006-4;TEAM FOODS COLOMBIA SA        ;43051;4314420,00
860000006-4;TEAM FOODS COLOMBIA SA        ;43055;5866700,00
860000006-4;TEAM FOODS COLOMBIA SA        ;43058;7716060,00
860000006-4;TEAM FOODS COLOMBIA SA        ;43162;2271060,00
860000006-4;TEAM FOODS COLOMBIA SA        ;43170;4176810,00
860000006-4;TEAM FOODS COLOMBIA SA        ;43171;6718140,00
860000006-4;TEAM FOODS COLOMBIA SA        ;43172;6718140,00
860000006-4;TEAM FOODS COLOMBIA SA        ;43173;6569640,00
860000006-4;TEAM FOODS COLOMBIA SA        ;43217;977724,00
860000006-4;TEAM FOODS COLOMBIA SA        ;43237;92671557,00
860000006-4;TEAM FOODS COLOMBIA SA        ;43243;1284030,00
860000006-4;TEAM FOODS COLOMBIA SA        ;43244;1284030,00
860000006-4;TEAM FOODS COLOMBIA SA        ;43246;504900,00
860000006-4;TEAM FOODS COLOMBIA SA        ;43248;403920,00
860000006-4;TEAM FOODS COLOMBIA SA        ;43251;366300,00
860000006-4;TEAM FOODS COLOMBIA SA        ;43254;502920,00
860000006-4;TEAM FOODS COLOMBIA SA        ;43257;1284030,00
860000006-4;TEAM FOODS COLOMBIA SA        ;43263;425700,00
860000006-4;TEAM FOODS COLOMBIA SA        ;43264;6569640,00
860000006-4;TEAM FOODS COLOMBIA SA        ;43278;872190,00
860000006-4;TEAM FOODS COLOMBIA SA        ;43279;19268964,00
860000006-4;TEAM FOODS COLOMBIA SA        ;43281;2871000,00
860000006-4;TEAM FOODS COLOMBIA SA        ;43306;27130293,00
860000006-4;TEAM FOODS COLOMBIA SA        ;43325;1089000,00
860000006-4;TEAM FOODS COLOMBIA SA        ;43326;198000,00
860000006-4;TEAM FOODS COLOMBIA SA        ;43351;544500,00
860000006-4;TEAM FOODS COLOMBIA SA        ;43352;33865006,00
860000006-4;TEAM FOODS COLOMBIA SA        ;43416;3989700,00
860000006-4;TEAM FOODS COLOMBIA SA        ;43418;4504500,00
860000006-4;TEAM FOODS COLOMBIA SA        ;43419;4909889,00
860000006-4;TEAM FOODS COLOMBIA SA        ;43420;17370191,00
860000006-4;TEAM FOODS COLOMBIA SA        ;43421;8804070,00
860000006-4;TEAM FOODS COLOMBIA SA        ;43422;7018110,00
860000006-4;TEAM FOODS COLOMBIA SA        ;43423;346500,00
860000006-4;TEAM FOODS COLOMBIA SA        ;43424;868626,00
860000006-4;TEAM FOODS COLOMBIA SA        ;43425;1089000,00
860000006-4;TEAM FOODS COLOMBIA SA        ;43426;707850,00
860000006-4;TEAM FOODS COLOMBIA SA        ;43440;10529729,00
860000006-4;TEAM FOODS COLOMBIA SA        ;43442;829546,00
860000006-4;TEAM FOODS COLOMBIA SA        ;43446;178200,00
860000006-4;TEAM FOODS COLOMBIA SA        ;43447;1852290,00
860000006-4;TEAM FOODS COLOMBIA SA        ;43450;2788975,00
860000006-4;TEAM FOODS COLOMBIA SA        ;43451;2745162,00
860000006-4;TEAM FOODS COLOMBIA SA        ;43452;623700,00
860000006-4;TEAM FOODS COLOMBIA SA        ;43453;68200285,00
890300466-5;TECNOQUIMICAS S.A             ;43280;7230960,00
900337367-1;TEKVO S.A.S.                  ;43223;3564000,00
860526787-6;TGT GAMAS SAS                 ;43056;1881000,00
830064537-9;TRANSTAINER S A S             ;43429;8266500,00
901781501-7;UNION TEMPORAL MOTOLT         ;41112;4950000,00
901781501-7;UNION TEMPORAL MOTOLT         ;41120;14850000,00
901781501-7;UNION TEMPORAL MOTOLT         ;42426;24750000,00
901781501-7;UNION TEMPORAL MOTOLT         ;42428;18562500,00
901478635-7;UT MASSY- MOTO                ;39629;270646860,00
901478635-7;UT MASSY- MOTO                ;41655;62284579,00
901478635-7;UT MASSY- MOTO                ;41656;6457378,00
901478635-7;UT MASSY- MOTO                ;42227;395276835,00
901478635-7;UT MASSY- MOTO                ;42966;457742776,00
901478635-7;UT MASSY- MOTO                ;42967;8047580,00
