901380930;AIR- E S.A.S. E.S.P.          ;42384;32670000
901380930;AIR- E S.A.S. E.S.P.          ;42403;15651158
901113010;AJTEX S.A.S.                  ;42625;1485000
800149149;ALIMENTOS BALANCEADOS TEQUENDA;42347;1016928
800149149;ALIMENTOS BALANCEADOS TEQUENDA;42635;15640364
800149149;ALIMENTOS BALANCEADOS TEQUENDA;42637;9373246
800149149;ALIMENTOS BALANCEADOS TEQUENDA;42642;24308267
800149149;ALIMENTOS BALANCEADOS TEQUENDA;42648;53800622
800149149;ALIMENTOS BALANCEADOS TEQUENDA;42650;1016928
800149149;ALIMENTOS BALANCEADOS TEQUENDA;42681;19729961
800149149;ALIMENTOS BALANCEADOS TEQUENDA;42682;9576578
800149149;ALIMENTOS BALANCEADOS TEQUENDA;42685;29183261
800149149;ALIMENTOS BALANCEADOS TEQUENDA;42696;582615
830006735;ALIMENTOS POLAR COLOMBIA SAS  ;41363;3095664
830006735;ALIMENTOS POLAR COLOMBIA SAS  ;41867;127600469
830006735;ALIMENTOS POLAR COLOMBIA SAS  ;41906;76968956
830006735;ALIMENTOS POLAR COLOMBIA SAS  ;41908;9643788
830006735;ALIMENTOS POLAR COLOMBIA SAS  ;41909;950400
830006735;ALIMENTOS POLAR COLOMBIA SAS  ;41910;1188000
830006735;ALIMENTOS POLAR COLOMBIA SAS  ;41913;2860110
830006735;ALIMENTOS POLAR COLOMBIA SAS  ;41914;2633400
830006735;ALIMENTOS POLAR COLOMBIA SAS  ;41916;635024
830006735;ALIMENTOS POLAR COLOMBIA SAS  ;41917;1430055
830006735;ALIMENTOS POLAR COLOMBIA SAS  ;41923;4952376
830006735;ALIMENTOS POLAR COLOMBIA SAS  ;41924;5082660
830006735;ALIMENTOS POLAR COLOMBIA SAS  ;41926;4493624
830006735;ALIMENTOS POLAR COLOMBIA SAS  ;41927;13397670
830006735;ALIMENTOS POLAR COLOMBIA SAS  ;41929;4131286
830006735;ALIMENTOS POLAR COLOMBIA SAS  ;41957;137100724
830006735;ALIMENTOS POLAR COLOMBIA SAS  ;41963;1980000
830006735;ALIMENTOS POLAR COLOMBIA SAS  ;41965;1675080
830006735;ALIMENTOS POLAR COLOMBIA SAS  ;41975;106996854
830006735;ALIMENTOS POLAR COLOMBIA SAS  ;41976;3267000
830006735;ALIMENTOS POLAR COLOMBIA SAS  ;41997;352440
830006735;ALIMENTOS POLAR COLOMBIA SAS  ;42047;353430
830006735;ALIMENTOS POLAR COLOMBIA SAS  ;42077;1039500
830006735;ALIMENTOS POLAR COLOMBIA SAS  ;42078;1039500
830006735;ALIMENTOS POLAR COLOMBIA SAS  ;42097;10870200
830006735;ALIMENTOS POLAR COLOMBIA SAS  ;42123;34239656
830006735;ALIMENTOS POLAR COLOMBIA SAS  ;42124;1732500
830006735;ALIMENTOS POLAR COLOMBIA SAS  ;42125;1732500
830006735;ALIMENTOS POLAR COLOMBIA SAS  ;42134;2986230
830006735;ALIMENTOS POLAR COLOMBIA SAS  ;42147;7118626
830006735;ALIMENTOS POLAR COLOMBIA SAS  ;42161;130335943
830006735;ALIMENTOS POLAR COLOMBIA SAS  ;42216;1282644
830006735;ALIMENTOS POLAR COLOMBIA SAS  ;42229;236782221
830006735;ALIMENTOS POLAR COLOMBIA SAS  ;42264;25158605
830006735;ALIMENTOS POLAR COLOMBIA SAS  ;42265;19175112
830006735;ALIMENTOS POLAR COLOMBIA SAS  ;42266;4992966
830006735;ALIMENTOS POLAR COLOMBIA SAS  ;42268;2434417
830006735;ALIMENTOS POLAR COLOMBIA SAS  ;42315;77520537
830006735;ALIMENTOS POLAR COLOMBIA SAS  ;42360;475200
830006735;ALIMENTOS POLAR COLOMBIA SAS  ;42361;396000
830006735;ALIMENTOS POLAR COLOMBIA SAS  ;42362;1430055
830006735;ALIMENTOS POLAR COLOMBIA SAS  ;42363;1989900
830006735;ALIMENTOS POLAR COLOMBIA SAS  ;42435;4189680
830006735;ALIMENTOS POLAR COLOMBIA SAS  ;42463;3045685
830006735;ALIMENTOS POLAR COLOMBIA SAS  ;42516;31375593
830006735;ALIMENTOS POLAR COLOMBIA SAS  ;42517;672210
830006735;ALIMENTOS POLAR COLOMBIA SAS  ;42519;5684256
830006735;ALIMENTOS POLAR COLOMBIA SAS  ;42531;117986149
830006735;ALIMENTOS POLAR COLOMBIA SAS  ;42536;157881366
830006735;ALIMENTOS POLAR COLOMBIA SAS  ;42538;445500
830006735;ALIMENTOS POLAR COLOMBIA SAS  ;42606;1742400
830006735;ALIMENTOS POLAR COLOMBIA SAS  ;42607;1742400
830006735;ALIMENTOS POLAR COLOMBIA SAS  ;42626;101604284
830006735;ALIMENTOS POLAR COLOMBIA SAS  ;42670;4554329
830006735;ALIMENTOS POLAR COLOMBIA SAS  ;42699;1430055
830006735;ALIMENTOS POLAR COLOMBIA SAS  ;42700;1316700
830006735;ALIMENTOS POLAR COLOMBIA SAS  ;42701;475200
830006735;ALIMENTOS POLAR COLOMBIA SAS  ;42702;396000
830006735;ALIMENTOS POLAR COLOMBIA SAS  ;42711;81121602
890914526;ALMACENES FLAMINGO S A        ;15839;1730393
890914526;ALMACENES FLAMINGO S A        ;32293;486655
890914526;ALMACENES FLAMINGO S A        ;33073;5000361
890914526;ALMACENES FLAMINGO S A        ;33150;1238539
890914526;ALMACENES FLAMINGO S A        ;33189;4500122
890914526;ALMACENES FLAMINGO S A        ;33190;803757
890914526;ALMACENES FLAMINGO S A        ;33191;401879
890914526;ALMACENES FLAMINGO S A        ;33192;401879
890914526;ALMACENES FLAMINGO S A        ;33193;401879
890914526;ALMACENES FLAMINGO S A        ;33194;401879
890914526;ALMACENES FLAMINGO S A        ;33195;401879
890914526;ALMACENES FLAMINGO S A        ;33196;1366325
890914526;ALMACENES FLAMINGO S A        ;33197;803757
890914526;ALMACENES FLAMINGO S A        ;33198;803757
890914526;ALMACENES FLAMINGO S A        ;33199;264442
890914526;ALMACENES FLAMINGO S A        ;33200;401879
890914526;ALMACENES FLAMINGO S A        ;33268;2534927
890914526;ALMACENES FLAMINGO S A        ;33275;803757
890914526;ALMACENES FLAMINGO S A        ;33276;803757
890914526;ALMACENES FLAMINGO S A        ;33278;1205636
890914526;ALMACENES FLAMINGO S A        ;33279;1205636
890914526;ALMACENES FLAMINGO S A        ;33280;1366325
890914526;ALMACENES FLAMINGO S A        ;33281;1607514
890914526;ALMACENES FLAMINGO S A        ;33282;401879
890914526;ALMACENES FLAMINGO S A        ;33283;401879
890914526;ALMACENES FLAMINGO S A        ;33284;401879
890914526;ALMACENES FLAMINGO S A        ;33285;37777
890914526;ALMACENES FLAMINGO S A        ;33462;2639421
890914526;ALMACENES FLAMINGO S A        ;33463;1205636
890914526;ALMACENES FLAMINGO S A        ;33464;1205636
890914526;ALMACENES FLAMINGO S A        ;33465;803757
890914526;ALMACENES FLAMINGO S A        ;33466;803757
890914526;ALMACENES FLAMINGO S A        ;33467;401879
890914526;ALMACENES FLAMINGO S A        ;33468;401879
890914526;ALMACENES FLAMINGO S A        ;33469;401879
890914526;ALMACENES FLAMINGO S A        ;33470;1366325
890914526;ALMACENES FLAMINGO S A        ;33471;401879
890914526;ALMACENES FLAMINGO S A        ;33472;401879
890914526;ALMACENES FLAMINGO S A        ;33473;75555
890914526;ALMACENES FLAMINGO S A        ;33600;2689495
890914526;ALMACENES FLAMINGO S A        ;33601;401879
890914526;ALMACENES FLAMINGO S A        ;33602;401879
890914526;ALMACENES FLAMINGO S A        ;33603;401879
890914526;ALMACENES FLAMINGO S A        ;33604;803757
890914526;ALMACENES FLAMINGO S A        ;33873;3480212
890914526;ALMACENES FLAMINGO S A        ;33874;803757
890914526;ALMACENES FLAMINGO S A        ;33876;803757
890914526;ALMACENES FLAMINGO S A        ;33877;401879
890914526;ALMACENES FLAMINGO S A        ;33878;401879
890914526;ALMACENES FLAMINGO S A        ;33879;1366325
890914526;ALMACENES FLAMINGO S A        ;33880;803757
890914526;ALMACENES FLAMINGO S A        ;33881;401879
890914526;ALMACENES FLAMINGO S A        ;33882;803757
890914526;ALMACENES FLAMINGO S A        ;33883;401879
890914526;ALMACENES FLAMINGO S A        ;33884;803757
890914526;ALMACENES FLAMINGO S A        ;33885;151110
890914526;ALMACENES FLAMINGO S A        ;33944;1574088
890914526;ALMACENES FLAMINGO S A        ;33945;1477097
890914526;ALMACENES FLAMINGO S A        ;33988;2231667
890914526;ALMACENES FLAMINGO S A        ;33989;803757
890914526;ALMACENES FLAMINGO S A        ;33990;803757
890914526;ALMACENES FLAMINGO S A        ;33991;803757
890914526;ALMACENES FLAMINGO S A        ;33992;803757
890914526;ALMACENES FLAMINGO S A        ;33993;401879
890914526;ALMACENES FLAMINGO S A        ;33994;401879
890914526;ALMACENES FLAMINGO S A        ;33995;401879
890914526;ALMACENES FLAMINGO S A        ;33996;1366325
890914526;ALMACENES FLAMINGO S A        ;33997;2411272
890914526;ALMACENES FLAMINGO S A        ;33998;504888
890914526;ALMACENES FLAMINGO S A        ;33999;75555
890914526;ALMACENES FLAMINGO S A        ;34339;3752559
890914526;ALMACENES FLAMINGO S A        ;34340;401879
890914526;ALMACENES FLAMINGO S A        ;34341;401879
890914526;ALMACENES FLAMINGO S A        ;34342;401879
890914526;ALMACENES FLAMINGO S A        ;34343;401879
890914526;ALMACENES FLAMINGO S A        ;34344;1366325
890914526;ALMACENES FLAMINGO S A        ;34345;1205636
890914526;ALMACENES FLAMINGO S A        ;34346;1205636
890914526;ALMACENES FLAMINGO S A        ;34347;401879
890914526;ALMACENES FLAMINGO S A        ;34348;401879
890914526;ALMACENES FLAMINGO S A        ;34349;803757
890914526;ALMACENES FLAMINGO S A        ;34350;803757
890914526;ALMACENES FLAMINGO S A        ;34351;803757
890914526;ALMACENES FLAMINGO S A        ;34352;401879
890914526;ALMACENES FLAMINGO S A        ;34353;1792997
890914526;ALMACENES FLAMINGO S A        ;34463;401879
890914526;ALMACENES FLAMINGO S A        ;34464;401879
890914526;ALMACENES FLAMINGO S A        ;34465;401879
890914526;ALMACENES FLAMINGO S A        ;34466;401879
890914526;ALMACENES FLAMINGO S A        ;34467;401879
890914526;ALMACENES FLAMINGO S A        ;34468;2732649
890914526;ALMACENES FLAMINGO S A        ;34469;803757
890914526;ALMACENES FLAMINGO S A        ;34470;803757
890914526;ALMACENES FLAMINGO S A        ;34471;803757
890914526;ALMACENES FLAMINGO S A        ;34618;2633545
890914526;ALMACENES FLAMINGO S A        ;34619;803757
890914526;ALMACENES FLAMINGO S A        ;34620;803757
890914526;ALMACENES FLAMINGO S A        ;34621;803757
890914526;ALMACENES FLAMINGO S A        ;34622;803757
890914526;ALMACENES FLAMINGO S A        ;34623;401879
890914526;ALMACENES FLAMINGO S A        ;34624;401879
890914526;ALMACENES FLAMINGO S A        ;34625;1366325
890914526;ALMACENES FLAMINGO S A        ;34626;401879
890914526;ALMACENES FLAMINGO S A        ;34627;401879
890914526;ALMACENES FLAMINGO S A        ;34628;401879
890914526;ALMACENES FLAMINGO S A        ;34676;1762083
890914526;ALMACENES FLAMINGO S A        ;34678;803757
890914526;ALMACENES FLAMINGO S A        ;34679;803757
890914526;ALMACENES FLAMINGO S A        ;34680;803757
890914526;ALMACENES FLAMINGO S A        ;34681;401879
890914526;ALMACENES FLAMINGO S A        ;34682;2732649
890914526;ALMACENES FLAMINGO S A        ;34683;401879
890914526;ALMACENES FLAMINGO S A        ;34684;401879
890914526;ALMACENES FLAMINGO S A        ;34685;803757
890914526;ALMACENES FLAMINGO S A        ;34953;1792997
890914526;ALMACENES FLAMINGO S A        ;34954;401879
890914526;ALMACENES FLAMINGO S A        ;34955;401879
890914526;ALMACENES FLAMINGO S A        ;34956;1366325
890914526;ALMACENES FLAMINGO S A        ;34957;803757
890914526;ALMACENES FLAMINGO S A        ;34958;1205636
890914526;ALMACENES FLAMINGO S A        ;34959;539894
890914526;ALMACENES FLAMINGO S A        ;34960;302879
890914526;ALMACENES FLAMINGO S A        ;35078;1823911
890914526;ALMACENES FLAMINGO S A        ;35079;401879
890914526;ALMACENES FLAMINGO S A        ;35081;401879
890914526;ALMACENES FLAMINGO S A        ;35082;803757
890914526;ALMACENES FLAMINGO S A        ;35083;803757
890914526;ALMACENES FLAMINGO S A        ;35084;401879
890914526;ALMACENES FLAMINGO S A        ;35085;2732649
890914526;ALMACENES FLAMINGO S A        ;35086;803757
890914526;ALMACENES FLAMINGO S A        ;35087;401879
890914526;ALMACENES FLAMINGO S A        ;35088;401879
890914526;ALMACENES FLAMINGO S A        ;35089;401879
890914526;ALMACENES FLAMINGO S A        ;35090;401879
890914526;ALMACENES FLAMINGO S A        ;35286;1957834
890914526;ALMACENES FLAMINGO S A        ;35287;401879
890914526;ALMACENES FLAMINGO S A        ;35396;1613391
890914526;ALMACENES FLAMINGO S A        ;35402;2732649
890914526;ALMACENES FLAMINGO S A        ;35407;1724744
890914526;ALMACENES FLAMINGO S A        ;35408;1724744
890914526;ALMACENES FLAMINGO S A        ;35624;1799117
890914526;ALMACENES FLAMINGO S A        ;35791;1496077
890914526;ALMACENES FLAMINGO S A        ;35985;2546924
890914526;ALMACENES FLAMINGO S A        ;38162;2078837
890914526;ALMACENES FLAMINGO S A        ;38555;938193
890914526;ALMACENES FLAMINGO S A        ;42676;11643567
890914526;ALMACENES FLAMINGO S A        ;37315;1391607
900078003;AMCOR HOLDINGS AUSTRALIA PTY L;41506;13776840
900078003;AMCOR HOLDINGS AUSTRALIA PTY L;41507;110880
900078003;AMCOR HOLDINGS AUSTRALIA PTY L;41528;15715260
900078003;AMCOR HOLDINGS AUSTRALIA PTY L;41676;16054335
900078003;AMCOR HOLDINGS AUSTRALIA PTY L;41871;11012760
900078003;AMCOR HOLDINGS AUSTRALIA PTY L;41872;1683000
900078003;AMCOR HOLDINGS AUSTRALIA PTY L;42050;6587460
900078003;AMCOR HOLDINGS AUSTRALIA PTY L;42172;4653000
900078003;AMCOR HOLDINGS AUSTRALIA PTY L;42173;2977920
900078003;AMCOR HOLDINGS AUSTRALIA PTY L;42174;13359555
900078003;AMCOR HOLDINGS AUSTRALIA PTY L;42188;1485000
900078003;AMCOR HOLDINGS AUSTRALIA PTY L;42471;11897820
900078003;AMCOR HOLDINGS AUSTRALIA PTY L;42472;1731510
900078003;AMCOR HOLDINGS AUSTRALIA PTY L;42473;1591920
800041723;AMCOR RIGID PACKAGING DE COLOM;32454;23843388
800041723;AMCOR RIGID PACKAGING DE COLOM;41441;1980000
800041723;AMCOR RIGID PACKAGING DE COLOM;41442;3069000
800041723;AMCOR RIGID PACKAGING DE COLOM;41620;1881000
800041723;AMCOR RIGID PACKAGING DE COLOM;41623;18542700
800041723;AMCOR RIGID PACKAGING DE COLOM;41624;24037200
800041723;AMCOR RIGID PACKAGING DE COLOM;41625;11187000
800041723;AMCOR RIGID PACKAGING DE COLOM;41627;2970000
800041723;AMCOR RIGID PACKAGING DE COLOM;41632;23235300
800041723;AMCOR RIGID PACKAGING DE COLOM;41633;14652000
800041723;AMCOR RIGID PACKAGING DE COLOM;41666;3960000
800041723;AMCOR RIGID PACKAGING DE COLOM;41667;990000
800041723;AMCOR RIGID PACKAGING DE COLOM;41669;6009300
800041723;AMCOR RIGID PACKAGING DE COLOM;41759;13365000
800041723;AMCOR RIGID PACKAGING DE COLOM;41840;3663000
800041723;AMCOR RIGID PACKAGING DE COLOM;41854;23166000
800041723;AMCOR RIGID PACKAGING DE COLOM;41855;14275800
800041723;AMCOR RIGID PACKAGING DE COLOM;41857;4752000
800041723;AMCOR RIGID PACKAGING DE COLOM;41864;2376000
800041723;AMCOR RIGID PACKAGING DE COLOM;41870;1188000
800041723;AMCOR RIGID PACKAGING DE COLOM;41873;1386000
800041723;AMCOR RIGID PACKAGING DE COLOM;41899;18211050
800041723;AMCOR RIGID PACKAGING DE COLOM;42046;26027100
800041723;AMCOR RIGID PACKAGING DE COLOM;42048;18958500
800041723;AMCOR RIGID PACKAGING DE COLOM;42049;13711500
800041723;AMCOR RIGID PACKAGING DE COLOM;42143;7326000
800041723;AMCOR RIGID PACKAGING DE COLOM;42267;940500
800041723;AMCOR RIGID PACKAGING DE COLOM;42274;4935150
800041723;AMCOR RIGID PACKAGING DE COLOM;42275;6415200
800041723;AMCOR RIGID PACKAGING DE COLOM;42278;3663000
800041723;AMCOR RIGID PACKAGING DE COLOM;42280;3366000
800041723;AMCOR RIGID PACKAGING DE COLOM;42281;1584000
800041723;AMCOR RIGID PACKAGING DE COLOM;42342;11464200
800041723;AMCOR RIGID PACKAGING DE COLOM;42343;21334500
800041723;AMCOR RIGID PACKAGING DE COLOM;42344;16285500
800041723;AMCOR RIGID PACKAGING DE COLOM;42345;12513600
800041723;AMCOR RIGID PACKAGING DE COLOM;42429;7464600
800041723;AMCOR RIGID PACKAGING DE COLOM;42430;12424500
800041723;AMCOR RIGID PACKAGING DE COLOM;42433;11286000
800041723;AMCOR RIGID PACKAGING DE COLOM;42443;1980000
800041723;AMCOR RIGID PACKAGING DE COLOM;42480;4405500
800041723;AMCOR RIGID PACKAGING DE COLOM;42482;12315600
800041723;AMCOR RIGID PACKAGING DE COLOM;42483;594000
800041723;AMCOR RIGID PACKAGING DE COLOM;42484;2970000
800041723;AMCOR RIGID PACKAGING DE COLOM;42485;1980000
800041723;AMCOR RIGID PACKAGING DE COLOM;42486;3613500
800041723;AMCOR RIGID PACKAGING DE COLOM;42487;5544000
830043084;C I CARBOCOQUE S A            ;41126;4694382
830043084;C I CARBOCOQUE S A            ;41139;4788630
830043084;C I CARBOCOQUE S A            ;41143;4976878
830043084;C I CARBOCOQUE S A            ;41144;4734576
830043084;C I CARBOCOQUE S A            ;41145;4824666
830043084;C I CARBOCOQUE S A            ;41148;4795560
830043084;C I CARBOCOQUE S A            ;41149;4969701
830043084;C I CARBOCOQUE S A            ;41150;4704084
830043084;C I CARBOCOQUE S A            ;41177;4994104
830043084;C I CARBOCOQUE S A            ;41179;5047218
830043084;C I CARBOCOQUE S A            ;41180;4676364
830043084;C I CARBOCOQUE S A            ;41181;4989600
830043084;C I CARBOCOQUE S A            ;41182;4986927
830043084;C I CARBOCOQUE S A            ;41183;4945298
830043084;C I CARBOCOQUE S A            ;41184;4961088
830043084;C I CARBOCOQUE S A            ;41185;4923765
830043084;C I CARBOCOQUE S A            ;41186;4727646
830043084;C I CARBOCOQUE S A            ;41226;4847684
830043084;C I CARBOCOQUE S A            ;41227;4880700
830043084;C I CARBOCOQUE S A            ;41395;4681908
830043084;C I CARBOCOQUE S A            ;41396;4691610
830043084;C I CARBOCOQUE S A            ;41397;4851000
830043084;C I CARBOCOQUE S A            ;41399;4741506
830043084;C I CARBOCOQUE S A            ;41400;4755366
830043084;C I CARBOCOQUE S A            ;41401;4952475
830043084;C I CARBOCOQUE S A            ;41402;5011330
830043084;C I CARBOCOQUE S A            ;41403;4903668
830043084;C I CARBOCOQUE S A            ;41404;4844812
830043084;C I CARBOCOQUE S A            ;41436;4882136
830043084;C I CARBOCOQUE S A            ;41448;4841942
830043084;C I CARBOCOQUE S A            ;41451;4925200
830043084;C I CARBOCOQUE S A            ;41452;4999846
830043084;C I CARBOCOQUE S A            ;41453;4683294
830043084;C I CARBOCOQUE S A            ;41454;4935249
830043084;C I CARBOCOQUE S A            ;41455;5009895
830043084;C I CARBOCOQUE S A            ;41493;4923765
830043084;C I CARBOCOQUE S A            ;41559;4698540
830043084;C I CARBOCOQUE S A            ;41560;5002718
830043084;C I CARBOCOQUE S A            ;41565;5121864
830043084;C I CARBOCOQUE S A            ;41647;4647258
830043084;C I CARBOCOQUE S A            ;41713;4851990
830043084;C I CARBOCOQUE S A            ;41724;4870652
830043084;C I CARBOCOQUE S A            ;41814;4927082
830043084;C I CARBOCOQUE S A            ;41834;4968266
830043084;C I CARBOCOQUE S A            ;41836;4953910
830043084;C I CARBOCOQUE S A            ;41837;4949604
830043084;C I CARBOCOQUE S A            ;41838;4962524
830043084;C I CARBOCOQUE S A            ;41839;4692996
830043084;C I CARBOCOQUE S A            ;41841;5021379
830043084;C I CARBOCOQUE S A            ;42029;4694382
830043084;C I CARBOCOQUE S A            ;42051;5266404
830043084;C I CARBOCOQUE S A            ;42052;5376888
830043084;C I CARBOCOQUE S A            ;42053;5421388
830043084;C I CARBOCOQUE S A            ;42054;5295560
830043084;C I CARBOCOQUE S A            ;42055;5367681
830043084;C I CARBOCOQUE S A            ;42056;5330853
830043084;C I CARBOCOQUE S A            ;42057;4991085
830043084;C I CARBOCOQUE S A            ;42058;5315508
830043084;C I CARBOCOQUE S A            ;42410;5372928
830043084;C I CARBOCOQUE S A            ;42411;5452078
830043084;C I CARBOCOQUE S A            ;42412;5351346
830043084;C I CARBOCOQUE S A            ;42413;5292490
830043084;C I CARBOCOQUE S A            ;42414;5372284
830043084;C I CARBOCOQUE S A            ;42415;5298628
830043084;C I CARBOCOQUE S A            ;42416;5238783
830043084;C I CARBOCOQUE S A            ;42456;5651910
830043084;C I CARBOCOQUE S A            ;42457;5777690
830043084;C I CARBOCOQUE S A            ;42458;5713983
830043084;C I CARBOCOQUE S A            ;42459;5632308
900901001;CALA COLOMBIA S.A.S.          ;41450;13072950
900901001;CALA COLOMBIA S.A.S.          ;41456;4811400
900901001;CALA COLOMBIA S.A.S.          ;41520;26425080
900901001;CALA COLOMBIA S.A.S.          ;41574;4653000
900901001;CALA COLOMBIA S.A.S.          ;41818;4969800
900901001;CALA COLOMBIA S.A.S.          ;41859;3385800
900901001;CALA COLOMBIA S.A.S.          ;41860;2146320
900901001;CALA COLOMBIA S.A.S.          ;41942;1534500
900901001;CALA COLOMBIA S.A.S.          ;42158;1633500
900901001;CALA COLOMBIA S.A.S.          ;42159;198000
900901001;CALA COLOMBIA S.A.S.          ;42169;544500
900901001;CALA COLOMBIA S.A.S.          ;42177;24309450
900901001;CALA COLOMBIA S.A.S.          ;42199;544500
900901001;CALA COLOMBIA S.A.S.          ;42200;26378550
900901001;CALA COLOMBIA S.A.S.          ;42230;4947030
900901001;CALA COLOMBIA S.A.S.          ;42377;3019500
900901001;CALA COLOMBIA S.A.S.          ;42444;4940100
900901001;CALA COLOMBIA S.A.S.          ;42596;1213740
900901001;CALA COLOMBIA S.A.S.          ;42597;1112760
900901001;CALA COLOMBIA S.A.S.          ;42598;8659035
901380949;CARIBEMAR DE LA COSTA SAS ESP ;41048;9943560
901380949;CARIBEMAR DE LA COSTA SAS ESP ;41786;67404116
901380949;CARIBEMAR DE LA COSTA SAS ESP ;41787;28297170
901380949;CARIBEMAR DE LA COSTA SAS ESP ;41788;12525480
901380949;CARIBEMAR DE LA COSTA SAS ESP ;41796;7979400
901380949;CARIBEMAR DE LA COSTA SAS ESP ;41797;25447950
901380949;CARIBEMAR DE LA COSTA SAS ESP ;41798;13900590
901380949;CARIBEMAR DE LA COSTA SAS ESP ;41799;15166800
901380949;CARIBEMAR DE LA COSTA SAS ESP ;41800;152895600
901380949;CARIBEMAR DE LA COSTA SAS ESP ;41801;23735895
901380949;CARIBEMAR DE LA COSTA SAS ESP ;41813;49274280
901380949;CARIBEMAR DE LA COSTA SAS ESP ;41827;63510480
901380949;CARIBEMAR DE LA COSTA SAS ESP ;41828;39314943
901380949;CARIBEMAR DE LA COSTA SAS ESP ;41829;34848990
901380949;CARIBEMAR DE LA COSTA SAS ESP ;41830;7444800
901380949;CARIBEMAR DE LA COSTA SAS ESP ;41832;31163220
901380949;CARIBEMAR DE LA COSTA SAS ESP ;41833;6256800
901380949;CARIBEMAR DE LA COSTA SAS ESP ;42212;13266000
901380949;CARIBEMAR DE LA COSTA SAS ESP ;42213;13266000
901380949;CARIBEMAR DE LA COSTA SAS ESP ;42215;58354065
901380949;CARIBEMAR DE LA COSTA SAS ESP ;42220;39807900
901380949;CARIBEMAR DE LA COSTA SAS ESP ;42221;39481200
901380949;CARIBEMAR DE LA COSTA SAS ESP ;42222;44460900
901380949;CARIBEMAR DE LA COSTA SAS ESP ;42240;79516800
901380949;CARIBEMAR DE LA COSTA SAS ESP ;42241;13851486
901380949;CARIBEMAR DE LA COSTA SAS ESP ;42242;52836300
901380949;CARIBEMAR DE LA COSTA SAS ESP ;42243;20075418
901380949;CARIBEMAR DE LA COSTA SAS ESP ;42244;37377450
901380949;CARIBEMAR DE LA COSTA SAS ESP ;42245;23616450
860030808;CHAMPIONX DE COLOMBIA LTDA    ;42239;8106000
890301884;COLOMBINA S A                 ;41190;5445000
890301884;COLOMBINA S A                 ;41191;3861000
890301884;COLOMBINA S A                 ;41198;716190
890301884;COLOMBINA S A                 ;41199;716190
890301884;COLOMBINA S A                 ;41200;100138
890301884;COLOMBINA S A                 ;41201;123700
890301884;COLOMBINA S A                 ;41876;940500
890301884;COLOMBINA S A                 ;42081;3861000
890301884;COLOMBINA S A                 ;42082;3861000
890301884;COLOMBINA S A                 ;42083;1584000
890301884;COLOMBINA S A                 ;42085;3861000
890301884;COLOMBINA S A                 ;42154;1584000
890301884;COLOMBINA S A                 ;42155;5445000
890301884;COLOMBINA S A                 ;42206;716190
890301884;COLOMBINA S A                 ;42207;100138
890301884;COLOMBINA S A                 ;42208;716190
890301884;COLOMBINA S A                 ;42209;129591
890301884;COLOMBINA S A                 ;42210;716190
890301884;COLOMBINA S A                 ;42211;117810
890301884;COLOMBINA S A                 ;42247;3861000
890301884;COLOMBINA S A                 ;42249;1584000
890301884;COLOMBINA S A                 ;42250;3861000
890301884;COLOMBINA S A                 ;42251;5445000
890301884;COLOMBINA S A                 ;42276;1943172
890301884;COLOMBINA S A                 ;42330;2864759
890301884;COLOMBINA S A                 ;42333;106029
890301884;COLOMBINA S A                 ;42335;117810
890301884;COLOMBINA S A                 ;42336;106029
890301884;COLOMBINA S A                 ;42337;76576
890301884;COLOMBINA S A                 ;42479;1584000
890301884;COLOMBINA S A                 ;42614;3861000
890301884;COLOMBINA S A                 ;42619;3861000
890301884;COLOMBINA S A                 ;42665;5445000
890301884;COLOMBINA S A                 ;42666;1584000
890301884;COLOMBINA S A                 ;42667;3861000
890301884;COLOMBINA S A                 ;42686;940500
890301884;COLOMBINA S A                 ;42687;1089000
811036030;COMPANIA NACIONAL DE CHOCOLATE;42033;8474400
811036030;COMPANIA NACIONAL DE CHOCOLATE;42150;8474400
811036030;COMPANIA NACIONAL DE CHOCOLATE;42261;8474400
811036030;COMPANIA NACIONAL DE CHOCOLATE;42313;8474400
811036030;COMPANIA NACIONAL DE CHOCOLATE;42449;8474400
811036030;COMPANIA NACIONAL DE CHOCOLATE;42450;8474400
811036030;COMPANIA NACIONAL DE CHOCOLATE;42462;8474400
811036030;COMPANIA NACIONAL DE CHOCOLATE;42647;8474400
900899437;CONSORCIO ANTIOQUIA AL MAR    ;42354;12751200
900899437;CONSORCIO ANTIOQUIA AL MAR    ;42600;11476080
900899437;CONSORCIO ANTIOQUIA AL MAR    ;42616;15048000
901763298;CONSORCIO CYS                 ;42204;3975793
901763298;CONSORCIO CYS                 ;42218;366994570
901688220;CONSORCIO ITC INGENIERIA      ;41810;11017181
901688220;CONSORCIO ITC INGENIERIA      ;41877;25513488
901688220;CONSORCIO ITC INGENIERIA      ;42375;19029676
901688220;CONSORCIO ITC INGENIERIA      ;42441;36943040
901814461;CONSORCIO METALMEC            ;41831;11290500
901814461;CONSORCIO METALMEC            ;42526;6010389
901814461;CONSORCIO METALMEC            ;42530;5645250
900521016;CONSTRU IMPORTADOS S A S      ;41835;4059000
900521016;CONSTRU IMPORTADOS S A S      ;42170;5346000
890904478;COOPERATIVA COLANTA LTDA      ;40164;330308
890904478;COOPERATIVA COLANTA LTDA      ;42201;30442322
890904478;COOPERATIVA COLANTA LTDA      ;42202;29713500
890904478;COOPERATIVA COLANTA LTDA      ;42203;18223740
890904478;COOPERATIVA COLANTA LTDA      ;42217;1975983
890904478;COOPERATIVA COLANTA LTDA      ;42219;956365
890904478;COOPERATIVA COLANTA LTDA      ;42224;16436788
890904478;COOPERATIVA COLANTA LTDA      ;42225;26371680
890904478;COOPERATIVA COLANTA LTDA      ;42226;31228635
890904478;COOPERATIVA COLANTA LTDA      ;42228;32720203
890904478;COOPERATIVA COLANTA LTDA      ;42395;30693528
890904478;COOPERATIVA COLANTA LTDA      ;42400;31126842
890904478;COOPERATIVA COLANTA LTDA      ;42402;22269681
890904478;COOPERATIVA COLANTA LTDA      ;42417;2811110
890904478;COOPERATIVA COLANTA LTDA      ;42418;2811110
890904478;COOPERATIVA COLANTA LTDA      ;42419;5622220
890904478;COOPERATIVA COLANTA LTDA      ;42420;8952584
890904478;COOPERATIVA COLANTA LTDA      ;42421;4198950
890904478;COOPERATIVA COLANTA LTDA      ;42422;2811110
890904478;COOPERATIVA COLANTA LTDA      ;42423;2068542
890904478;COOPERATIVA COLANTA LTDA      ;42424;32328156
890904478;COOPERATIVA COLANTA LTDA      ;42425;30928120
890904478;COOPERATIVA COLANTA LTDA      ;42427;32682466
890904478;COOPERATIVA COLANTA LTDA      ;42431;19876373
890904478;COOPERATIVA COLANTA LTDA      ;42432;1604228
890904478;COOPERATIVA COLANTA LTDA      ;42434;6909113
890904478;COOPERATIVA COLANTA LTDA      ;42436;18670267
890904478;COOPERATIVA COLANTA LTDA      ;42507;8433330
890904478;COOPERATIVA COLANTA LTDA      ;42508;2068542
890904478;COOPERATIVA COLANTA LTDA      ;42509;3012200
890904478;COOPERATIVA COLANTA LTDA      ;42522;5401688
890904478;COOPERATIVA COLANTA LTDA      ;42532;31609264
890904478;COOPERATIVA COLANTA LTDA      ;42535;8447683
890904478;COOPERATIVA COLANTA LTDA      ;42631;30385404
890904478;COOPERATIVA COLANTA LTDA      ;42632;352080
890904478;COOPERATIVA COLANTA LTDA      ;42633;30734250
890904478;COOPERATIVA COLANTA LTDA      ;42634;25655634
890904478;COOPERATIVA COLANTA LTDA      ;42704;29101410
890904478;COOPERATIVA COLANTA LTDA      ;42708;27823148
890904478;COOPERATIVA COLANTA LTDA      ;42713;35256785
890904478;COOPERATIVA COLANTA LTDA      ;42715;19108076
890904478;COOPERATIVA COLANTA LTDA      ;42719;29782757
800093455;CORPORACION CENTRO DE CIENCIA ;41968;897450
800134371;CORTEACEROS SA                ;42038;4896045
800134371;CORTEACEROS SA                ;42223;3469574
800134371;CORTEACEROS SA                ;42491;1386000
800134371;CORTEACEROS SA                ;42492;1188000
1053795188;DANIEL RAMIREZ VASQUEZ        ;42534;4158000
800114140;DISTRIBUIDORA DE COLORANTES Y ;42003;2920500
800114140;DISTRIBUIDORA DE COLORANTES Y ;42004;4356000
800114140;DISTRIBUIDORA DE COLORANTES Y ;42271;5148000
900160948;DOBLACERO S.A.S.              ;42684;990000
900933906;DYD LOGISTICA Y EMPAQUES SAS  ;49147;1584000
900933906;DYD LOGISTICA Y EMPAQUES SAS  ;49158;1584000
900098858;ECCOSIS INGENIERIA S.A.S      ;41204;708374
900098858;ECCOSIS INGENIERIA S.A.S      ;41930;1416747
900098858;ECCOSIS INGENIERIA S.A.S      ;42237;708374
900502758;ECO - DESARROLLOS MINEROS S.A.;46113;2197000
900502758;ECO - DESARROLLOS MINEROS S.A.;46138;3465000
890909001;EMPRESA DE DISTRIBUCIONES INDU;40188;1305834
890909001;EMPRESA DE DISTRIBUCIONES INDU;41785;7642800
890909001;EMPRESA DE DISTRIBUCIONES INDU;42277;1124640
890909001;EMPRESA DE DISTRIBUCIONES INDU;42279;1124640
890909001;EMPRESA DE DISTRIBUCIONES INDU;42282;2106225
890909001;EMPRESA DE DISTRIBUCIONES INDU;42283;1124640
890909001;EMPRESA DE DISTRIBUCIONES INDU;42284;2282940
890909001;EMPRESA DE DISTRIBUCIONES INDU;42285;1124640
890909001;EMPRESA DE DISTRIBUCIONES INDU;42286;1124640
890909001;EMPRESA DE DISTRIBUCIONES INDU;42288;1124640
890909001;EMPRESA DE DISTRIBUCIONES INDU;42289;1124640
890909001;EMPRESA DE DISTRIBUCIONES INDU;42290;1124640
890909001;EMPRESA DE DISTRIBUCIONES INDU;42291;2106225
890909001;EMPRESA DE DISTRIBUCIONES INDU;42292;1124640
890909001;EMPRESA DE DISTRIBUCIONES INDU;42293;2405700
890909001;EMPRESA DE DISTRIBUCIONES INDU;42294;1124640
890909001;EMPRESA DE DISTRIBUCIONES INDU;42295;1124640
890909001;EMPRESA DE DISTRIBUCIONES INDU;42296;1124640
890909001;EMPRESA DE DISTRIBUCIONES INDU;42310;544500
890909001;EMPRESA DE DISTRIBUCIONES INDU;42311;712800
890909001;EMPRESA DE DISTRIBUCIONES INDU;42312;742500
890909001;EMPRESA DE DISTRIBUCIONES INDU;42316;1124640
890909001;EMPRESA DE DISTRIBUCIONES INDU;42317;1124640
890909001;EMPRESA DE DISTRIBUCIONES INDU;42318;1124640
890909001;EMPRESA DE DISTRIBUCIONES INDU;42319;1933470
890909001;EMPRESA DE DISTRIBUCIONES INDU;42320;1811700
890909001;EMPRESA DE DISTRIBUCIONES INDU;42321;1124640
890909001;EMPRESA DE DISTRIBUCIONES INDU;42322;1124640
890909001;EMPRESA DE DISTRIBUCIONES INDU;42323;1124640
890909001;EMPRESA DE DISTRIBUCIONES INDU;42324;1811700
890909001;EMPRESA DE DISTRIBUCIONES INDU;42325;1811700
890909001;EMPRESA DE DISTRIBUCIONES INDU;42326;1811700
890909001;EMPRESA DE DISTRIBUCIONES INDU;42327;1811700
890909001;EMPRESA DE DISTRIBUCIONES INDU;42329;488070
890909001;EMPRESA DE DISTRIBUCIONES INDU;42331;488070
890909001;EMPRESA DE DISTRIBUCIONES INDU;42332;488070
890909001;EMPRESA DE DISTRIBUCIONES INDU;42334;1124640
890909001;EMPRESA DE DISTRIBUCIONES INDU;42397;1683000
890909001;EMPRESA DE DISTRIBUCIONES INDU;42407;3465000
890909001;EMPRESA DE DISTRIBUCIONES INDU;42442;544500
890909001;EMPRESA DE DISTRIBUCIONES INDU;42460;544500
890909001;EMPRESA DE DISTRIBUCIONES INDU;42524;1124640
890909001;EMPRESA DE DISTRIBUCIONES INDU;42539;1717650
890909001;EMPRESA DE DISTRIBUCIONES INDU;42540;1693890
890909001;EMPRESA DE DISTRIBUCIONES INDU;42541;1811700
890909001;EMPRESA DE DISTRIBUCIONES INDU;42542;1944558
890909001;EMPRESA DE DISTRIBUCIONES INDU;42543;1717650
890909001;EMPRESA DE DISTRIBUCIONES INDU;42544;1944558
890909001;EMPRESA DE DISTRIBUCIONES INDU;42545;1124640
890909001;EMPRESA DE DISTRIBUCIONES INDU;42546;1124640
890909001;EMPRESA DE DISTRIBUCIONES INDU;42547;1124640
890909001;EMPRESA DE DISTRIBUCIONES INDU;42548;1124640
890909001;EMPRESA DE DISTRIBUCIONES INDU;42549;1124640
890909001;EMPRESA DE DISTRIBUCIONES INDU;42550;1124640
890909001;EMPRESA DE DISTRIBUCIONES INDU;42551;1124640
890909001;EMPRESA DE DISTRIBUCIONES INDU;42552;1124640
890909001;EMPRESA DE DISTRIBUCIONES INDU;42553;1124640
890909001;EMPRESA DE DISTRIBUCIONES INDU;42554;1124640
890909001;EMPRESA DE DISTRIBUCIONES INDU;42555;1124640
890909001;EMPRESA DE DISTRIBUCIONES INDU;42556;1124640
890909001;EMPRESA DE DISTRIBUCIONES INDU;42557;1124640
890909001;EMPRESA DE DISTRIBUCIONES INDU;42558;1124640
890909001;EMPRESA DE DISTRIBUCIONES INDU;42559;1124640
890909001;EMPRESA DE DISTRIBUCIONES INDU;42560;1124640
890909001;EMPRESA DE DISTRIBUCIONES INDU;42561;1124640
890909001;EMPRESA DE DISTRIBUCIONES INDU;42562;1124640
890909001;EMPRESA DE DISTRIBUCIONES INDU;42563;1124640
890909001;EMPRESA DE DISTRIBUCIONES INDU;42564;1124640
890909001;EMPRESA DE DISTRIBUCIONES INDU;42565;1124640
890909001;EMPRESA DE DISTRIBUCIONES INDU;42566;1124640
890909001;EMPRESA DE DISTRIBUCIONES INDU;42567;1124640
890909001;EMPRESA DE DISTRIBUCIONES INDU;42568;1124640
890909001;EMPRESA DE DISTRIBUCIONES INDU;42569;1124640
890909001;EMPRESA DE DISTRIBUCIONES INDU;42570;1124640
890909001;EMPRESA DE DISTRIBUCIONES INDU;42571;1124640
890909001;EMPRESA DE DISTRIBUCIONES INDU;42572;306900
890909001;EMPRESA DE DISTRIBUCIONES INDU;42573;306900
890909001;EMPRESA DE DISTRIBUCIONES INDU;42574;306900
890909001;EMPRESA DE DISTRIBUCIONES INDU;42575;306900
890909001;EMPRESA DE DISTRIBUCIONES INDU;42576;306900
890909001;EMPRESA DE DISTRIBUCIONES INDU;42577;306900
890909001;EMPRESA DE DISTRIBUCIONES INDU;42578;488070
890909001;EMPRESA DE DISTRIBUCIONES INDU;42579;306900
890909001;EMPRESA DE DISTRIBUCIONES INDU;42580;306900
890909001;EMPRESA DE DISTRIBUCIONES INDU;42581;306900
890909001;EMPRESA DE DISTRIBUCIONES INDU;42582;306900
890909001;EMPRESA DE DISTRIBUCIONES INDU;42583;306900
890909001;EMPRESA DE DISTRIBUCIONES INDU;42584;306900
890909001;EMPRESA DE DISTRIBUCIONES INDU;42585;306900
890909001;EMPRESA DE DISTRIBUCIONES INDU;42586;306900
890909001;EMPRESA DE DISTRIBUCIONES INDU;42587;306900
890909001;EMPRESA DE DISTRIBUCIONES INDU;42588;306900
890909001;EMPRESA DE DISTRIBUCIONES INDU;42589;306900
890909001;EMPRESA DE DISTRIBUCIONES INDU;42590;306900
890909001;EMPRESA DE DISTRIBUCIONES INDU;42591;306900
890909001;EMPRESA DE DISTRIBUCIONES INDU;42592;306900
890909001;EMPRESA DE DISTRIBUCIONES INDU;42593;306900
890909001;EMPRESA DE DISTRIBUCIONES INDU;42617;544500
890909001;EMPRESA DE DISTRIBUCIONES INDU;42627;306900
890909001;EMPRESA DE DISTRIBUCIONES INDU;42628;1124640
890909001;EMPRESA DE DISTRIBUCIONES INDU;42638;1831500
890909001;EMPRESA DE DISTRIBUCIONES INDU;42639;2772000
890909001;EMPRESA DE DISTRIBUCIONES INDU;42640;1782000
890909001;EMPRESA DE DISTRIBUCIONES INDU;42641;742500
890909001;EMPRESA DE DISTRIBUCIONES INDU;42643;6058800
890909001;EMPRESA DE DISTRIBUCIONES INDU;42644;3366000
890909001;EMPRESA DE DISTRIBUCIONES INDU;42645;712800
890909001;EMPRESA DE DISTRIBUCIONES INDU;42646;990000
860007538;FEDERACION NACIONAL DE CAFETER;42156;13316738
860007538;FEDERACION NACIONAL DE CAFETER;42351;2756952
860007538;FEDERACION NACIONAL DE CAFETER;42448;26827917
860007538;FEDERACION NACIONAL DE CAFETER;42672;24118560
860007538;FEDERACION NACIONAL DE CAFETER;42707;13329562
811025635;FEELING COMPANY S.A.S         ;40253;1158000
811025635;FEELING COMPANY S.A.S         ;42080;2161600
811025635;FEELING COMPANY S.A.S         ;42180;2591025
890913555;FERROINDUSTRIAL S.A.          ;42263;9555975
890913555;FERROINDUSTRIAL S.A.          ;42272;14277364
890913555;FERROINDUSTRIAL S.A.          ;42309;14517974
890913555;FERROINDUSTRIAL S.A.          ;42494;9929691
890913555;FERROINDUSTRIAL S.A.          ;42527;9897842
890913555;FERROINDUSTRIAL S.A.          ;42528;4434865
901283538;FIBROTEX DE COLOMBIA SAS      ;41293;1286300
901283538;FIBROTEX DE COLOMBIA SAS      ;41294;3791700
901283538;FIBROTEX DE COLOMBIA SAS      ;41295;3593700
891408584;FRSIBY SA                     ;42157;4059000
891408584;FRSIBY SA                     ;42205;4059000
891408584;FRSIBY SA                     ;42328;4059000
891408584;FRSIBY SA                     ;42481;4059000
891408584;FRSIBY SA                     ;42653;4059000
900911788;FRUTAFINO S A S               ;43858;1888250
900911788;FRUTAFINO S A S               ;47982;5395500
800172871;GEOCOL CONSULTORES S.A.       ;41614;11119953
800172871;GEOCOL CONSULTORES S.A.       ;42350;7351244
891300529;GRASAS S A                    ;39199;1633500
891300529;GRASAS S A                    ;41517;444015
891300529;GRASAS S A                    ;41598;1002364
891300529;GRASAS S A                    ;41599;4091513
891300529;GRASAS S A                    ;41605;3437697
891300529;GRASAS S A                    ;41606;5916240
891300529;GRASAS S A                    ;41607;1584000
891300529;GRASAS S A                    ;41609;2601957
891300529;GRASAS S A                    ;41611;1980000
891300529;GRASAS S A                    ;41612;5922378
891300529;GRASAS S A                    ;41619;2023708
891300529;GRASAS S A                    ;41621;1683000
891300529;GRASAS S A                    ;41622;1986336
891300529;GRASAS S A                    ;41626;1918698
891300529;GRASAS S A                    ;41639;1386000
891300529;GRASAS S A                    ;41642;3465693
891300529;GRASAS S A                    ;41643;4267662
891300529;GRASAS S A                    ;41648;2871000
891300529;GRASAS S A                    ;41650;3816344
891300529;GRASAS S A                    ;41668;2570056
891300529;GRASAS S A                    ;41698;1485000
891300529;GRASAS S A                    ;41700;2178000
891300529;GRASAS S A                    ;41701;1683000
891300529;GRASAS S A                    ;41702;1584000
891300529;GRASAS S A                    ;41703;455400
891300529;GRASAS S A                    ;41715;4109638
891300529;GRASAS S A                    ;41717;4267989
891300529;GRASAS S A                    ;41718;4801896
891300529;GRASAS S A                    ;41719;3646170
891300529;GRASAS S A                    ;41720;5987607
891300529;GRASAS S A                    ;41721;2470842
891300529;GRASAS S A                    ;41764;5754177
891300529;GRASAS S A                    ;41765;2632262
891300529;GRASAS S A                    ;41774;5927031
891300529;GRASAS S A                    ;41775;3547329
891300529;GRASAS S A                    ;41802;1584000
891300529;GRASAS S A                    ;41803;2098058
891300529;GRASAS S A                    ;41804;1964738
891300529;GRASAS S A                    ;41805;3394790
891300529;GRASAS S A                    ;41806;3816620
891300529;GRASAS S A                    ;41807;1485000
891300529;GRASAS S A                    ;41808;1485000
891300529;GRASAS S A                    ;41809;247500
891300529;GRASAS S A                    ;41811;3944651
891300529;GRASAS S A                    ;41816;3672403
891300529;GRASAS S A                    ;41817;3607758
891300529;GRASAS S A                    ;41865;4227102
891300529;GRASAS S A                    ;41866;3910500
891300529;GRASAS S A                    ;41880;2609472
891300529;GRASAS S A                    ;41881;3918021
891300529;GRASAS S A                    ;41882;3312342
891300529;GRASAS S A                    ;41885;3747432
891300529;GRASAS S A                    ;41886;1485000
891300529;GRASAS S A                    ;41889;3580961
891300529;GRASAS S A                    ;41900;1287000
891300529;GRASAS S A                    ;41901;3545834
891300529;GRASAS S A                    ;41902;1287000
891300529;GRASAS S A                    ;41921;2475000
891300529;GRASAS S A                    ;41922;1584000
891300529;GRASAS S A                    ;41925;3125925
891300529;GRASAS S A                    ;41939;3583998
891300529;GRASAS S A                    ;41940;4420507
891300529;GRASAS S A                    ;41944;3759149
891300529;GRASAS S A                    ;42086;5728041
891300529;GRASAS S A                    ;42087;2322312
891300529;GRASAS S A                    ;42088;3663594
891300529;GRASAS S A                    ;42089;3462427
891300529;GRASAS S A                    ;42090;3679731
891300529;GRASAS S A                    ;42091;3459220
891300529;GRASAS S A                    ;42092;3729726
891300529;GRASAS S A                    ;42093;3530078
891300529;GRASAS S A                    ;42094;3573415
891300529;GRASAS S A                    ;42095;3456684
891300529;GRASAS S A                    ;42096;3509477
891300529;GRASAS S A                    ;42100;3532320
891300529;GRASAS S A                    ;42101;3469851
891300529;GRASAS S A                    ;42102;3907035
891300529;GRASAS S A                    ;42103;2300384
891300529;GRASAS S A                    ;42105;2632509
891300529;GRASAS S A                    ;42106;2136838
891300529;GRASAS S A                    ;42107;3168000
891300529;GRASAS S A                    ;42108;1584000
891300529;GRASAS S A                    ;42109;3817836
891300529;GRASAS S A                    ;42110;1942726
891300529;GRASAS S A                    ;42111;2178000
891300529;GRASAS S A                    ;42112;693000
891300529;GRASAS S A                    ;42113;3700422
891300529;GRASAS S A                    ;42115;2575980
891300529;GRASAS S A                    ;42116;2475000
891300529;GRASAS S A                    ;42117;1584000
891300529;GRASAS S A                    ;42118;2037817
891300529;GRASAS S A                    ;42120;1584000
891300529;GRASAS S A                    ;42121;4915053
891300529;GRASAS S A                    ;42122;1898820
891300529;GRASAS S A                    ;42132;3816698
891300529;GRASAS S A                    ;42142;2092959
891300529;GRASAS S A                    ;42192;3831102
891300529;GRASAS S A                    ;42193;3508214
891300529;GRASAS S A                    ;42194;3790611
891300529;GRASAS S A                    ;42195;2417481
891300529;GRASAS S A                    ;42196;4276285
891300529;GRASAS S A                    ;42273;3893522
891300529;GRASAS S A                    ;42287;1971791
891300529;GRASAS S A                    ;42297;2143221
891300529;GRASAS S A                    ;42298;3569474
891300529;GRASAS S A                    ;42299;3673704
891300529;GRASAS S A                    ;42300;3576375
891300529;GRASAS S A                    ;42301;4795031
891300529;GRASAS S A                    ;42302;3488623
891300529;GRASAS S A                    ;42303;1584000
891300529;GRASAS S A                    ;42304;1683000
891300529;GRASAS S A                    ;42305;2075386
891300529;GRASAS S A                    ;42306;1584000
891300529;GRASAS S A                    ;42307;3821548
891300529;GRASAS S A                    ;42308;1485000
891300529;GRASAS S A                    ;42378;2178000
891300529;GRASAS S A                    ;42379;1584000
891300529;GRASAS S A                    ;42381;2722500
891300529;GRASAS S A                    ;42382;1683000
891300529;GRASAS S A                    ;42383;2475000
891300529;GRASAS S A                    ;42386;2304374
891300529;GRASAS S A                    ;42387;3595185
891300529;GRASAS S A                    ;42388;3686593
891300529;GRASAS S A                    ;42389;3498957
891300529;GRASAS S A                    ;42390;3583800
891300529;GRASAS S A                    ;42391;3837111
891300529;GRASAS S A                    ;42392;1207800
891300529;GRASAS S A                    ;42398;2698740
891300529;GRASAS S A                    ;42401;1880010
891300529;GRASAS S A                    ;42438;1683000
891300529;GRASAS S A                    ;42439;1485000
891300529;GRASAS S A                    ;42468;2673000
891300529;GRASAS S A                    ;42469;2155230
891300529;GRASAS S A                    ;42470;3548415
891300529;GRASAS S A                    ;42474;3467319
891300529;GRASAS S A                    ;42475;3520737
891300529;GRASAS S A                    ;42476;3682593
891300529;GRASAS S A                    ;42477;3013560
891300529;GRASAS S A                    ;42478;1584000
891300529;GRASAS S A                    ;42512;4253268
891300529;GRASAS S A                    ;42599;2432628
891300529;GRASAS S A                    ;42601;3814141
891300529;GRASAS S A                    ;42602;1485000
891300529;GRASAS S A                    ;42603;3676063
891300529;GRASAS S A                    ;42604;3583998
891300529;GRASAS S A                    ;42605;3355747
891300529;GRASAS S A                    ;42610;2277000
891300529;GRASAS S A                    ;42613;3718048
891300529;GRASAS S A                    ;42618;3347685
890800413;HERRAMIENTAS AGRICOLAS S.A.   ;42028;1534500
890800413;HERRAMIENTAS AGRICOLAS S.A.   ;42445;1980000
901397680;HORUS ENERGY GROUP S.A.S      ;27448;18107840
901397680;HORUS ENERGY GROUP S.A.S      ;27488;6722100
700244937;IAN  DONOSO LLANOS            ;42624;396000
811022703;IKALA - EMPRESA PARA EL DESARR;40666;5915450
811022703;IKALA - EMPRESA PARA EL DESARR;41306;463200
890903532;INDUSTRIA COLOMBIANA DE CAFE S;42190;22534776
900326174;INTERDEKO SOCIEDAD POR ACCI   ;42654;10593000
860507248;J.E. JAIMES INGENIEROS S.A.S  ;42595;14850000
860507248;J.E. JAIMES INGENIEROS S.A.S  ;42611;14850000
860507248;J.E. JAIMES INGENIEROS S.A.S  ;42612;27678295
800039996;KUEHNE Y NAGEL S.A            ;47966;3564000
901248821;LASENOR ANDINA S.A.S          ;42059;1059300
901248821;LASENOR ANDINA S.A.S          ;42359;940500
901248821;LASENOR ANDINA S.A.S          ;42454;4124340
901248821;LASENOR ANDINA S.A.S          ;42455;396000
900797268;LATIR EXPERIENCES S.A.S.      ;42340;6098800
830035263;LIPESA COLOMBIA S.A.S;42178;2376000
830035263;LIPESA COLOMBIA S.A.S;42198;6735960
71699416;LUIS FERNANDO PALACIO GOMEZ   ;41693;56679
71699416;LUIS FERNANDO PALACIO GOMEZ   ;42231;56679
830090773;MASSY ENERGY COLOMBIA S.A.S.  ;42152;83546100
10273552;MAURICIO SALAZAR SIERRA       ;41844;2445300
830073450;MCS CONSULTORIA Y MONITOREO AM;42367;29553117
830073450;MCS CONSULTORIA Y MONITOREO AM;42368;25329093
830073450;MCS CONSULTORIA Y MONITOREO AM;42373;27334291
830073450;MCS CONSULTORIA Y MONITOREO AM;42374;28042665
860531287;MELEXA S.A.S.                 ;40579;2677950
860531287;MELEXA S.A.S.                 ;42189;5925150
860531287;MELEXA S.A.S.                 ;42521;4033354
811016211;MEZCLAS BIOMIX S A S          ;42181;6138000
811016211;MEZCLAS BIOMIX S A S          ;42182;6138000
811016211;MEZCLAS BIOMIX S A S          ;42183;7326000
811016211;MEZCLAS BIOMIX S A S          ;42608;1831500
811016211;MEZCLAS BIOMIX S A S          ;42609;4950000
811004786;MICRODENIER S A               ;42039;5940000
811004786;MICRODENIER S A               ;42040;5940000
811004786;MICRODENIER S A               ;42041;6039000
811004786;MICRODENIER S A               ;42042;6039000
811004786;MICRODENIER S A               ;42461;5940000
811004786;MICRODENIER S A               ;42493;5940000
800204226;PIC COLOMBIA S.A.S            ;42674;17433900
811015231;PLANET CARGO S A S            ;41856;18612000
811015231;PLANET CARGO S A S            ;41862;18612000
811015231;PLANET CARGO S A S            ;42036;27918000
811015231;PLANET CARGO S A S            ;42037;27918000
811015231;PLANET CARGO S A S            ;42396;27918000
800102065;PLASSOL S A S                 ;40695;162435
800102065;PLASSOL S A S                 ;41332;5742000
800102065;PLASSOL S A S                 ;41341;3960000
800102065;PLASSOL S A S                 ;41342;5742000
800102065;PLASSOL S A S                 ;41406;5841000
800102065;PLASSOL S A S                 ;41447;5643000
800102065;PLASSOL S A S                 ;41457;5643000
800102065;PLASSOL S A S                 ;41589;5742000
800102065;PLASSOL S A S                 ;41590;5643000
800102065;PLASSOL S A S                 ;41640;5742000
800102065;PLASSOL S A S                 ;41751;5643000
800102065;PLASSOL S A S                 ;41757;5742000
800102065;PLASSOL S A S                 ;41912;5643000
800102065;PLASSOL S A S                 ;41935;5742000
800102065;PLASSOL S A S                 ;41969;5742000
800102065;PLASSOL S A S                 ;42010;5643000
800102065;PLASSOL S A S                 ;42145;5742000
800102065;PLASSOL S A S                 ;42167;5742000
800102065;PLASSOL S A S                 ;42353;5742000
800102065;PLASSOL S A S                 ;42355;6336000
800102065;PLASSOL S A S                 ;42636;5841000
800102065;PLASSOL S A S                 ;42668;5841000
800102065;PLASSOL S A S                 ;42669;4356000
811018613;POLINYLON S A                 ;42030;5940000
811018613;POLINYLON S A                 ;42031;5643000
811018613;POLINYLON S A                 ;42043;5692500
811018613;POLINYLON S A                 ;42044;5940000
811018613;POLINYLON S A                 ;42236;6237000
890804199;PRODUCTORA DE ALAMBRES COLOMBI;42060;1485000
890804199;PRODUCTORA DE ALAMBRES COLOMBI;42061;1633500
890804199;PRODUCTORA DE ALAMBRES COLOMBI;42062;2128500
890804199;PRODUCTORA DE ALAMBRES COLOMBI;42063;2079000
890804199;PRODUCTORA DE ALAMBRES COLOMBI;42064;1684485
890804199;PRODUCTORA DE ALAMBRES COLOMBI;42065;986634
890804199;PRODUCTORA DE ALAMBRES COLOMBI;42066;3415500
890804199;PRODUCTORA DE ALAMBRES COLOMBI;42067;752400
890804199;PRODUCTORA DE ALAMBRES COLOMBI;42144;1910700
890804199;PRODUCTORA DE ALAMBRES COLOMBI;42163;1188000
890804199;PRODUCTORA DE ALAMBRES COLOMBI;42164;1811700
890804199;PRODUCTORA DE ALAMBRES COLOMBI;42165;3118500
890804199;PRODUCTORA DE ALAMBRES COLOMBI;42166;2425500
890804199;PRODUCTORA DE ALAMBRES COLOMBI;42176;2574000
890804199;PRODUCTORA DE ALAMBRES COLOMBI;42253;1633500
890804199;PRODUCTORA DE ALAMBRES COLOMBI;42352;376200
890804199;PRODUCTORA DE ALAMBRES COLOMBI;42356;1633500
890804199;PRODUCTORA DE ALAMBRES COLOMBI;42357;2128500
890312630;PROTECNICA INGENIERIA S.A.S   ;42141;940500
890312630;PROTECNICA INGENIERIA S.A.S   ;42366;413820
890312630;PROTECNICA INGENIERIA S.A.S   ;42370;940500
890312630;PROTECNICA INGENIERIA S.A.S   ;42372;970200
890312630;PROTECNICA INGENIERIA S.A.S   ;42513;1386000
890312630;PROTECNICA INGENIERIA S.A.S   ;42514;693000
890312630;PROTECNICA INGENIERIA S.A.S   ;42515;693000
890312630;PROTECNICA INGENIERIA S.A.S   ;42620;693000
890312630;PROTECNICA INGENIERIA S.A.S   ;42621;693000
890312630;PROTECNICA INGENIERIA S.A.S   ;42622;841500
890312630;PROTECNICA INGENIERIA S.A.S   ;42623;940500
890312630;PROTECNICA INGENIERIA S.A.S   ;42652;1683000
890312630;PROTECNICA INGENIERIA S.A.S   ;42656;382140
890312630;PROTECNICA INGENIERIA S.A.S   ;42679;382140
890312630;PROTECNICA INGENIERIA S.A.S   ;42680;821700
890312630;PROTECNICA INGENIERIA S.A.S   ;42683;1019700
890312630;PROTECNICA INGENIERIA S.A.S   ;42706;1019700
890312630;PROTECNICA INGENIERIA S.A.S   ;42709;1019700
890312630;PROTECNICA INGENIERIA S.A.S   ;42710;891000
900331462;S. O. S. PROMOX S. A. S.      ;44678;732600
890926628;SENCO COLOMBIANA S.A.S        ;41637;5544000
890926628;SENCO COLOMBIANA S.A.S        ;41943;5544000
890926628;SENCO COLOMBIANA S.A.S        ;42160;5544000
890926628;SENCO COLOMBIANA S.A.S        ;42175;5544000
890926628;SENCO COLOMBIANA S.A.S        ;42525;5544000
890926628;SENCO COLOMBIANA S.A.S        ;42677;5544000
800151988;"SETAS COLOMBIANAS S.A ""SETAS S";41130;2806918
901432904;SICOLSA DEL CENTRO S.A.S.     ;41905;5049000
901432904;SICOLSA DEL CENTRO S.A.S.     ;42191;4455000
901085835;SINEA ZONA FRANCA SAS         ;41894;8014050
901085835;SINEA ZONA FRANCA SAS         ;42139;10068300
901085835;SINEA ZONA FRANCA SAS         ;42393;22993740
901154922;SM GROUP NERTA SAS            ;41795;1087020
900738674;SMI COLOMBIA SAS              ;41697;52252200
900738674;SMI COLOMBIA SAS              ;41878;5742000
900738674;SMI COLOMBIA SAS              ;41879;23215500
900738674;SMI COLOMBIA SAS              ;42137;12969000
900738674;SMI COLOMBIA SAS              ;42138;5865750
900738674;SMI COLOMBIA SAS              ;42140;41273100
900738674;SMI COLOMBIA SAS              ;42394;23809500
900738674;SMI COLOMBIA SAS              ;42399;15082650
900738674;SMI COLOMBIA SAS              ;42404;43639200
900738674;SMI COLOMBIA SAS              ;42510;2475000
900738674;SMI COLOMBIA SAS              ;42511;5454900
890800718;SUCESORES DE JOSE JESUS RESTRE;43336;1034869
890107487;SUPERTIENDAS Y DROGUERIAS OLIM;39758;1504800
900631527;SURTICEREALES MEDELL?N S.A.S. ;48081;783500
890302311;TAMETCO S.A.S                 ;42437;3564000
860000006;TEAM FOODS COLOMBIA SA        ;39933;198000
860000006;TEAM FOODS COLOMBIA SA        ;40684;386100
860000006;TEAM FOODS COLOMBIA SA        ;40788;346500
860000006;TEAM FOODS COLOMBIA SA        ;41243;247500
860000006;TEAM FOODS COLOMBIA SA        ;41248;841500
860000006;TEAM FOODS COLOMBIA SA        ;41250;396000
860000006;TEAM FOODS COLOMBIA SA        ;41251;386100
860000006;TEAM FOODS COLOMBIA SA        ;41826;5098500
860000006;TEAM FOODS COLOMBIA SA        ;41898;16606854
860000006;TEAM FOODS COLOMBIA SA        ;41907;3366000
860000006;TEAM FOODS COLOMBIA SA        ;41960;46566457
860000006;TEAM FOODS COLOMBIA SA        ;41966;2138400
860000006;TEAM FOODS COLOMBIA SA        ;41967;570240
860000006;TEAM FOODS COLOMBIA SA        ;41973;198000
860000006;TEAM FOODS COLOMBIA SA        ;41977;347490
860000006;TEAM FOODS COLOMBIA SA        ;41978;425700
860000006;TEAM FOODS COLOMBIA SA        ;41979;465300
860000006;TEAM FOODS COLOMBIA SA        ;41980;4342140
860000006;TEAM FOODS COLOMBIA SA        ;41981;4342140
860000006;TEAM FOODS COLOMBIA SA        ;41982;4342140
860000006;TEAM FOODS COLOMBIA SA        ;41983;1284030
860000006;TEAM FOODS COLOMBIA SA        ;41984;1284030
860000006;TEAM FOODS COLOMBIA SA        ;41985;445500
860000006;TEAM FOODS COLOMBIA SA        ;41986;396000
860000006;TEAM FOODS COLOMBIA SA        ;41987;396000
860000006;TEAM FOODS COLOMBIA SA        ;41998;11489834
860000006;TEAM FOODS COLOMBIA SA        ;41999;637666
860000006;TEAM FOODS COLOMBIA SA        ;42000;1168200
860000006;TEAM FOODS COLOMBIA SA        ;42001;33367373
860000006;TEAM FOODS COLOMBIA SA        ;42002;20522781
860000006;TEAM FOODS COLOMBIA SA        ;42017;3259192
860000006;TEAM FOODS COLOMBIA SA        ;42018;2865304
860000006;TEAM FOODS COLOMBIA SA        ;42020;3257100
860000006;TEAM FOODS COLOMBIA SA        ;42026;96877597
860000006;TEAM FOODS COLOMBIA SA        ;42079;445500
860000006;TEAM FOODS COLOMBIA SA        ;42084;5019300
860000006;TEAM FOODS COLOMBIA SA        ;42151;36078681
860000006;TEAM FOODS COLOMBIA SA        ;42162;8693685
860000006;TEAM FOODS COLOMBIA SA        ;42184;21022918
860000006;TEAM FOODS COLOMBIA SA        ;42186;10822680
860000006;TEAM FOODS COLOMBIA SA        ;42232;14050079
860000006;TEAM FOODS COLOMBIA SA        ;42233;1375110
860000006;TEAM FOODS COLOMBIA SA        ;42234;886050
860000006;TEAM FOODS COLOMBIA SA        ;42246;7615080
860000006;TEAM FOODS COLOMBIA SA        ;42248;1980000
860000006;TEAM FOODS COLOMBIA SA        ;42260;4514400
860000006;TEAM FOODS COLOMBIA SA        ;42269;4732200
860000006;TEAM FOODS COLOMBIA SA        ;42270;4732200
860000006;TEAM FOODS COLOMBIA SA        ;42346;443680
860000006;TEAM FOODS COLOMBIA SA        ;42358;1200375
860000006;TEAM FOODS COLOMBIA SA        ;42364;20551102
860000006;TEAM FOODS COLOMBIA SA        ;42409;2168100
860000006;TEAM FOODS COLOMBIA SA        ;42453;79973671
860000006;TEAM FOODS COLOMBIA SA        ;42464;570240
860000006;TEAM FOODS COLOMBIA SA        ;42465;425700
860000006;TEAM FOODS COLOMBIA SA        ;42466;524700
860000006;TEAM FOODS COLOMBIA SA        ;42467;16661700
860000006;TEAM FOODS COLOMBIA SA        ;42488;198000
860000006;TEAM FOODS COLOMBIA SA        ;42489;198000
860000006;TEAM FOODS COLOMBIA SA        ;42490;198000
860000006;TEAM FOODS COLOMBIA SA        ;42495;346500
860000006;TEAM FOODS COLOMBIA SA        ;42496;396000
860000006;TEAM FOODS COLOMBIA SA        ;42497;396000
860000006;TEAM FOODS COLOMBIA SA        ;42498;1284030
860000006;TEAM FOODS COLOMBIA SA        ;42499;346500
860000006;TEAM FOODS COLOMBIA SA        ;42500;346500
860000006;TEAM FOODS COLOMBIA SA        ;42501;346500
860000006;TEAM FOODS COLOMBIA SA        ;42502;1284030
860000006;TEAM FOODS COLOMBIA SA        ;42503;1284030
860000006;TEAM FOODS COLOMBIA SA        ;42504;460350
860000006;TEAM FOODS COLOMBIA SA        ;42505;346500
860000006;TEAM FOODS COLOMBIA SA        ;42506;2970000
860000006;TEAM FOODS COLOMBIA SA        ;42520;26955307
860000006;TEAM FOODS COLOMBIA SA        ;42594;2080980
860000006;TEAM FOODS COLOMBIA SA        ;42651;921690
860000006;TEAM FOODS COLOMBIA SA        ;42655;27837293
860000006;TEAM FOODS COLOMBIA SA        ;42657;233640
860000006;TEAM FOODS COLOMBIA SA        ;42658;346500
860000006;TEAM FOODS COLOMBIA SA        ;42659;792990
860000006;TEAM FOODS COLOMBIA SA        ;42660;3770514
860000006;TEAM FOODS COLOMBIA SA        ;42661;16448808
860000006;TEAM FOODS COLOMBIA SA        ;42662;2475000
860000006;TEAM FOODS COLOMBIA SA        ;42663;495000
860000006;TEAM FOODS COLOMBIA SA        ;42673;6569640
860000006;TEAM FOODS COLOMBIA SA        ;42675;6569640
860000006;TEAM FOODS COLOMBIA SA        ;42688;425700
860000006;TEAM FOODS COLOMBIA SA        ;42689;732600
860000006;TEAM FOODS COLOMBIA SA        ;42690;4342140
860000006;TEAM FOODS COLOMBIA SA        ;42691;4217400
860000006;TEAM FOODS COLOMBIA SA        ;42692;396000
860000006;TEAM FOODS COLOMBIA SA        ;42693;1284030
860000006;TEAM FOODS COLOMBIA SA        ;42694;396000
860000006;TEAM FOODS COLOMBIA SA        ;42695;1089000
860000006;TEAM FOODS COLOMBIA SA        ;42697;5009400
860000006;TEAM FOODS COLOMBIA SA        ;42698;9413092
860000006;TEAM FOODS COLOMBIA SA        ;42703;783908
860000006;TEAM FOODS COLOMBIA SA        ;42705;1143450
860000006;TEAM FOODS COLOMBIA SA        ;42712;41680386
860000006;TEAM FOODS COLOMBIA SA        ;42716;86769311
860000006;TEAM FOODS COLOMBIA SA        ;42717;3362048
860000006;TEAM FOODS COLOMBIA SA        ;42718;3146431
890300466;TECNOQUIMICAS S.A             ;42365;3663000
900337367;TEKVO S.A.S.                  ;41630;1089000
900337367;TEKVO S.A.S.                  ;41846;950400
900337367;TEKVO S.A.S.                  ;42149;1188000
900861266;TOP DRIVE SAS                 ;41570;198000
901647090;TOWER LOGISTICS SAS           ;42671;3960000
901781501;UNION TEMPORAL MOTOLT         ;39643;13365000
901781501;UNION TEMPORAL MOTOLT         ;41112;4950000
901781501;UNION TEMPORAL MOTOLT         ;41120;14850000
901781501;UNION TEMPORAL MOTOLT         ;42426;24750000
901781501;UNION TEMPORAL MOTOLT         ;42428;18562500
901210625;UNIVAR SOLUTIONS COLOMBIA S.A.;42022;2970000
901210625;UNIVAR SOLUTIONS COLOMBIA S.A.;42314;2079000
901478635;UT MASSY- MOTO                ;39629;20968961
901478635;UT MASSY- MOTO                ;39636;869409
901478635;UT MASSY- MOTO                ;39729;29026496
901478635;UT MASSY- MOTO                ;40070;31986583
901478635;UT MASSY- MOTO                ;41079;57008885
901478635;UT MASSY- MOTO                ;41080;28751126
901478635;UT MASSY- MOTO                ;41490;10243766
901478635;UT MASSY- MOTO                ;41655;437352523
901478635;UT MASSY- MOTO                ;41656;6457378
901478635;UT MASSY- MOTO                ;42227;395276835
900882425;WORLD INTER CARGA SAS         ;42021;940500
