890900115-1;A LAUMAYER Y COMPAÑIA EXPORTAD;39882;478.765,00
890900115-1;A LAUMAYER Y COMPAÑIA EXPORTAD;40196;276.210,00
890900115-1;A LAUMAYER Y COMPAÑIA EXPORTAD;40457;4.072.860,00
890900115-1;A LAUMAYER Y COMPAÑIA EXPORTAD;40516;4.072.860,00
890900115-1;A LAUMAYER Y COMPAÑIA EXPORTAD;40581;4.072.860,00
901380930-2;AIR- E S.A.S. E.S.P.          ;38913;32.670.000,00
901380930-2;AIR- E S.A.S. E.S.P.          ;39715;32.670.000,00
901380930-2;AIR- E S.A.S. E.S.P.          ;40408;32.670.000,00
901113010-8;AJTEX S.A.S.                  ;39456;1.415.700,00
901113010-8;AJTEX S.A.S.                  ;39868;1.485.000,00
901113010-8;AJTEX S.A.S.                  ;40025;1.702.800,00
800149149-1;ALIMENTOS BALANCEADOS TEQUENDA;40623;58.653.624,00
800149149-1;ALIMENTOS BALANCEADOS TEQUENDA;40643;25.942.757,00
800149149-1;ALIMENTOS BALANCEADOS TEQUENDA;40645;10.059.034,00
800149149-1;ALIMENTOS BALANCEADOS TEQUENDA;40646;20.423.542,00
800149149-1;ALIMENTOS BALANCEADOS TEQUENDA;40648;29.671.013,00
800149149-1;ALIMENTOS BALANCEADOS TEQUENDA;40649;4.904.064,00
800149149-1;ALIMENTOS BALANCEADOS TEQUENDA;40662;9.672.696,00
800149149-1;ALIMENTOS BALANCEADOS TEQUENDA;40670;19.351.161,00
800149149-1;ALIMENTOS BALANCEADOS TEQUENDA;40674;3.463.911,00
800149149-1;ALIMENTOS BALANCEADOS TEQUENDA;40675;2.033.856,00
830006735-3;ALIMENTOS POLAR COLOMBIA SAS  ;39608;289.300.577,00
830006735-3;ALIMENTOS POLAR COLOMBIA SAS  ;39649;237.600,00
830006735-3;ALIMENTOS POLAR COLOMBIA SAS  ;39650;2.860.110,00
830006735-3;ALIMENTOS POLAR COLOMBIA SAS  ;39651;1.430.055,00
830006735-3;ALIMENTOS POLAR COLOMBIA SAS  ;39668;126.820.890,00
830006735-3;ALIMENTOS POLAR COLOMBIA SAS  ;39688;190.513.787,00
830006735-3;ALIMENTOS POLAR COLOMBIA SAS  ;39692;1.567.368,00
830006735-3;ALIMENTOS POLAR COLOMBIA SAS  ;39730;26.223.147,00
830006735-3;ALIMENTOS POLAR COLOMBIA SAS  ;39731;91.935.979,00
830006735-3;ALIMENTOS POLAR COLOMBIA SAS  ;39743;297.000,00
830006735-3;ALIMENTOS POLAR COLOMBIA SAS  ;39752;1.742.400,00
830006735-3;ALIMENTOS POLAR COLOMBIA SAS  ;39807;210.809.585,00
830006735-3;ALIMENTOS POLAR COLOMBIA SAS  ;39812;11.484.000,00
830006735-3;ALIMENTOS POLAR COLOMBIA SAS  ;39819;1.039.500,00
830006735-3;ALIMENTOS POLAR COLOMBIA SAS  ;39820;1.039.500,00
830006735-3;ALIMENTOS POLAR COLOMBIA SAS  ;39831;1.742.400,00
830006735-3;ALIMENTOS POLAR COLOMBIA SAS  ;39834;1.295.860,00
830006735-3;ALIMENTOS POLAR COLOMBIA SAS  ;39901;1.719.694,00
830006735-3;ALIMENTOS POLAR COLOMBIA SAS  ;39904;237.600,00
830006735-3;ALIMENTOS POLAR COLOMBIA SAS  ;39905;396.000,00
830006735-3;ALIMENTOS POLAR COLOMBIA SAS  ;39906;2.860.110,00
830006735-3;ALIMENTOS POLAR COLOMBIA SAS  ;39908;3.168.000,00
830006735-3;ALIMENTOS POLAR COLOMBIA SAS  ;39954;1.969.412,00
830006735-3;ALIMENTOS POLAR COLOMBIA SAS  ;40002;46.302.774,00
830006735-3;ALIMENTOS POLAR COLOMBIA SAS  ;40031;158.105.005,00
830006735-3;ALIMENTOS POLAR COLOMBIA SAS  ;40110;1.782.000,00
830006735-3;ALIMENTOS POLAR COLOMBIA SAS  ;40143;1.732.500,00
830006735-3;ALIMENTOS POLAR COLOMBIA SAS  ;40144;1.732.500,00
830006735-3;ALIMENTOS POLAR COLOMBIA SAS  ;40149;39.312.696,00
830006735-3;ALIMENTOS POLAR COLOMBIA SAS  ;40150;14.224.320,00
830006735-3;ALIMENTOS POLAR COLOMBIA SAS  ;40189;163.250.505,00
830006735-3;ALIMENTOS POLAR COLOMBIA SAS  ;40195;219.425.196,00
830006735-3;ALIMENTOS POLAR COLOMBIA SAS  ;40212;1.883.034,00
830006735-3;ALIMENTOS POLAR COLOMBIA SAS  ;40213;1.992.606,00
830006735-3;ALIMENTOS POLAR COLOMBIA SAS  ;40298;68.223.474,00
830006735-3;ALIMENTOS POLAR COLOMBIA SAS  ;40299;475.200,00
830006735-3;ALIMENTOS POLAR COLOMBIA SAS  ;40300;396.000,00
830006735-3;ALIMENTOS POLAR COLOMBIA SAS  ;40301;1.742.400,00
830006735-3;ALIMENTOS POLAR COLOMBIA SAS  ;40340;926.442,00
830006735-3;ALIMENTOS POLAR COLOMBIA SAS  ;40341;1.546.776,00
830006735-3;ALIMENTOS POLAR COLOMBIA SAS  ;40342;26.011.210,00
830006735-3;ALIMENTOS POLAR COLOMBIA SAS  ;40356;163.171.814,00
830006735-3;ALIMENTOS POLAR COLOMBIA SAS  ;40393;4.241.160,00
830006735-3;ALIMENTOS POLAR COLOMBIA SAS  ;40548;152.884.406,00
830006735-3;ALIMENTOS POLAR COLOMBIA SAS  ;40561;4.344.120,00
830006735-3;ALIMENTOS POLAR COLOMBIA SAS  ;40573;156.480.100,00
830006735-3;ALIMENTOS POLAR COLOMBIA SAS  ;40592;3.776.517,00
830006735-3;ALIMENTOS POLAR COLOMBIA SAS  ;40599;154.633.783,00
830006735-3;ALIMENTOS POLAR COLOMBIA SAS  ;40600;4.789.561,00
830006735-3;ALIMENTOS POLAR COLOMBIA SAS  ;40607;237.600,00
830006735-3;ALIMENTOS POLAR COLOMBIA SAS  ;40608;396.000,00
830006735-3;ALIMENTOS POLAR COLOMBIA SAS  ;40609;1.430.055,00
830006735-3;ALIMENTOS POLAR COLOMBIA SAS  ;40626;1.742.400,00
830006735-3;ALIMENTOS POLAR COLOMBIA SAS  ;40629;626.175,00
830006735-3;ALIMENTOS POLAR COLOMBIA SAS  ;40633;5.082.660,00
830006735-3;ALIMENTOS POLAR COLOMBIA SAS  ;40660;126.601.851,00
830006735-3;ALIMENTOS POLAR COLOMBIA SAS  ;40661;1.205.820,00
830006735-3;ALIMENTOS POLAR COLOMBIA SAS  ;40671;1.386.000,00
830006735-3;ALIMENTOS POLAR COLOMBIA SAS  ;40672;11.586.960,00
830006735-3;ALIMENTOS POLAR COLOMBIA SAS  ;40673;118.420.180,00
890914526-4;ALMACENES FLAMINGO S A        ;15839;1.730.393,00
890914526-4;ALMACENES FLAMINGO S A        ;32293;1.236.655,00
890914526-4;ALMACENES FLAMINGO S A        ;33073;5.000.361,00
890914526-4;ALMACENES FLAMINGO S A        ;33150;1.238.539,00
890914526-4;ALMACENES FLAMINGO S A        ;33189;4.500.122,00
890914526-4;ALMACENES FLAMINGO S A        ;33190;803.757,00
890914526-4;ALMACENES FLAMINGO S A        ;33191;401.879,00
890914526-4;ALMACENES FLAMINGO S A        ;33192;401.879,00
890914526-4;ALMACENES FLAMINGO S A        ;33193;401.879,00
890914526-4;ALMACENES FLAMINGO S A        ;33194;401.879,00
890914526-4;ALMACENES FLAMINGO S A        ;33195;401.879,00
890914526-4;ALMACENES FLAMINGO S A        ;33196;1.366.325,00
890914526-4;ALMACENES FLAMINGO S A        ;33197;803.757,00
890914526-4;ALMACENES FLAMINGO S A        ;33198;803.757,00
890914526-4;ALMACENES FLAMINGO S A        ;33199;264.442,00
890914526-4;ALMACENES FLAMINGO S A        ;33200;401.879,00
890914526-4;ALMACENES FLAMINGO S A        ;33268;2.534.927,00
890914526-4;ALMACENES FLAMINGO S A        ;33275;803.757,00
890914526-4;ALMACENES FLAMINGO S A        ;33276;803.757,00
890914526-4;ALMACENES FLAMINGO S A        ;33278;1.205.636,00
890914526-4;ALMACENES FLAMINGO S A        ;33279;1.205.636,00
890914526-4;ALMACENES FLAMINGO S A        ;33280;1.366.325,00
890914526-4;ALMACENES FLAMINGO S A        ;33281;1.607.514,00
890914526-4;ALMACENES FLAMINGO S A        ;33282;401.879,00
890914526-4;ALMACENES FLAMINGO S A        ;33283;401.879,00
890914526-4;ALMACENES FLAMINGO S A        ;33284;401.879,00
890914526-4;ALMACENES FLAMINGO S A        ;33285;37.777,00
890914526-4;ALMACENES FLAMINGO S A        ;33462;2.639.421,00
890914526-4;ALMACENES FLAMINGO S A        ;33463;1.205.636,00
890914526-4;ALMACENES FLAMINGO S A        ;33464;1.205.636,00
890914526-4;ALMACENES FLAMINGO S A        ;33465;803.757,00
890914526-4;ALMACENES FLAMINGO S A        ;33466;803.757,00
890914526-4;ALMACENES FLAMINGO S A        ;33467;401.879,00
890914526-4;ALMACENES FLAMINGO S A        ;33468;401.879,00
890914526-4;ALMACENES FLAMINGO S A        ;33469;401.879,00
890914526-4;ALMACENES FLAMINGO S A        ;33470;1.366.325,00
890914526-4;ALMACENES FLAMINGO S A        ;33471;401.879,00
890914526-4;ALMACENES FLAMINGO S A        ;33472;401.879,00
890914526-4;ALMACENES FLAMINGO S A        ;33473;75.555,00
890914526-4;ALMACENES FLAMINGO S A        ;33600;2.689.495,00
890914526-4;ALMACENES FLAMINGO S A        ;33601;401.879,00
890914526-4;ALMACENES FLAMINGO S A        ;33602;401.879,00
890914526-4;ALMACENES FLAMINGO S A        ;33603;401.879,00
890914526-4;ALMACENES FLAMINGO S A        ;33604;803.757,00
890914526-4;ALMACENES FLAMINGO S A        ;33873;3.480.212,00
890914526-4;ALMACENES FLAMINGO S A        ;33874;803.757,00
890914526-4;ALMACENES FLAMINGO S A        ;33876;803.757,00
890914526-4;ALMACENES FLAMINGO S A        ;33877;401.879,00
890914526-4;ALMACENES FLAMINGO S A        ;33878;401.879,00
890914526-4;ALMACENES FLAMINGO S A        ;33879;1.366.325,00
890914526-4;ALMACENES FLAMINGO S A        ;33880;803.757,00
890914526-4;ALMACENES FLAMINGO S A        ;33881;401.879,00
890914526-4;ALMACENES FLAMINGO S A        ;33882;803.757,00
890914526-4;ALMACENES FLAMINGO S A        ;33883;401.879,00
890914526-4;ALMACENES FLAMINGO S A        ;33884;803.757,00
890914526-4;ALMACENES FLAMINGO S A        ;33885;151.110,00
890914526-4;ALMACENES FLAMINGO S A        ;33944;1.574.088,00
890914526-4;ALMACENES FLAMINGO S A        ;33945;1.477.097,00
890914526-4;ALMACENES FLAMINGO S A        ;33988;2.231.667,00
890914526-4;ALMACENES FLAMINGO S A        ;33989;803.757,00
890914526-4;ALMACENES FLAMINGO S A        ;33990;803.757,00
890914526-4;ALMACENES FLAMINGO S A        ;33991;803.757,00
890914526-4;ALMACENES FLAMINGO S A        ;33992;803.757,00
890914526-4;ALMACENES FLAMINGO S A        ;33993;401.879,00
890914526-4;ALMACENES FLAMINGO S A        ;33994;401.879,00
890914526-4;ALMACENES FLAMINGO S A        ;33995;401.879,00
890914526-4;ALMACENES FLAMINGO S A        ;33996;1.366.325,00
890914526-4;ALMACENES FLAMINGO S A        ;33997;2.411.272,00
890914526-4;ALMACENES FLAMINGO S A        ;33998;504.888,00
890914526-4;ALMACENES FLAMINGO S A        ;33999;75.555,00
890914526-4;ALMACENES FLAMINGO S A        ;34339;3.752.559,00
890914526-4;ALMACENES FLAMINGO S A        ;34340;401.879,00
890914526-4;ALMACENES FLAMINGO S A        ;34341;401.879,00
890914526-4;ALMACENES FLAMINGO S A        ;34342;401.879,00
890914526-4;ALMACENES FLAMINGO S A        ;34343;401.879,00
890914526-4;ALMACENES FLAMINGO S A        ;34344;1.366.325,00
890914526-4;ALMACENES FLAMINGO S A        ;34345;1.205.636,00
890914526-4;ALMACENES FLAMINGO S A        ;34346;1.205.636,00
890914526-4;ALMACENES FLAMINGO S A        ;34347;401.879,00
890914526-4;ALMACENES FLAMINGO S A        ;34348;401.879,00
890914526-4;ALMACENES FLAMINGO S A        ;34349;803.757,00
890914526-4;ALMACENES FLAMINGO S A        ;34350;803.757,00
890914526-4;ALMACENES FLAMINGO S A        ;34351;803.757,00
890914526-4;ALMACENES FLAMINGO S A        ;34352;401.879,00
890914526-4;ALMACENES FLAMINGO S A        ;34353;1.792.997,00
890914526-4;ALMACENES FLAMINGO S A        ;34463;401.879,00
890914526-4;ALMACENES FLAMINGO S A        ;34464;401.879,00
890914526-4;ALMACENES FLAMINGO S A        ;34465;401.879,00
890914526-4;ALMACENES FLAMINGO S A        ;34466;401.879,00
890914526-4;ALMACENES FLAMINGO S A        ;34467;401.879,00
890914526-4;ALMACENES FLAMINGO S A        ;34468;2.732.649,00
890914526-4;ALMACENES FLAMINGO S A        ;34469;803.757,00
890914526-4;ALMACENES FLAMINGO S A        ;34470;803.757,00
890914526-4;ALMACENES FLAMINGO S A        ;34471;803.757,00
890914526-4;ALMACENES FLAMINGO S A        ;34618;2.633.545,00
890914526-4;ALMACENES FLAMINGO S A        ;34619;803.757,00
890914526-4;ALMACENES FLAMINGO S A        ;34620;803.757,00
890914526-4;ALMACENES FLAMINGO S A        ;34621;803.757,00
890914526-4;ALMACENES FLAMINGO S A        ;34622;803.757,00
890914526-4;ALMACENES FLAMINGO S A        ;34623;401.879,00
890914526-4;ALMACENES FLAMINGO S A        ;34624;401.879,00
890914526-4;ALMACENES FLAMINGO S A        ;34625;1.366.325,00
890914526-4;ALMACENES FLAMINGO S A        ;34626;401.879,00
890914526-4;ALMACENES FLAMINGO S A        ;34627;401.879,00
890914526-4;ALMACENES FLAMINGO S A        ;34628;401.879,00
890914526-4;ALMACENES FLAMINGO S A        ;34676;1.762.083,00
890914526-4;ALMACENES FLAMINGO S A        ;34678;803.757,00
890914526-4;ALMACENES FLAMINGO S A        ;34679;803.757,00
890914526-4;ALMACENES FLAMINGO S A        ;34680;803.757,00
890914526-4;ALMACENES FLAMINGO S A        ;34681;401.879,00
890914526-4;ALMACENES FLAMINGO S A        ;34682;2.732.649,00
890914526-4;ALMACENES FLAMINGO S A        ;34683;401.879,00
890914526-4;ALMACENES FLAMINGO S A        ;34684;401.879,00
890914526-4;ALMACENES FLAMINGO S A        ;34685;803.757,00
890914526-4;ALMACENES FLAMINGO S A        ;34953;1.792.997,00
890914526-4;ALMACENES FLAMINGO S A        ;34954;401.879,00
890914526-4;ALMACENES FLAMINGO S A        ;34955;401.879,00
890914526-4;ALMACENES FLAMINGO S A        ;34956;1.366.325,00
890914526-4;ALMACENES FLAMINGO S A        ;34957;803.757,00
890914526-4;ALMACENES FLAMINGO S A        ;34958;1.205.636,00
890914526-4;ALMACENES FLAMINGO S A        ;34959;539.894,00
890914526-4;ALMACENES FLAMINGO S A        ;34960;302.879,00
890914526-4;ALMACENES FLAMINGO S A        ;35078;1.823.911,00
890914526-4;ALMACENES FLAMINGO S A        ;35079;401.879,00
890914526-4;ALMACENES FLAMINGO S A        ;35081;401.879,00
890914526-4;ALMACENES FLAMINGO S A        ;35082;803.757,00
890914526-4;ALMACENES FLAMINGO S A        ;35083;803.757,00
890914526-4;ALMACENES FLAMINGO S A        ;35084;401.879,00
890914526-4;ALMACENES FLAMINGO S A        ;35085;2.732.649,00
890914526-4;ALMACENES FLAMINGO S A        ;35086;803.757,00
890914526-4;ALMACENES FLAMINGO S A        ;35087;401.879,00
890914526-4;ALMACENES FLAMINGO S A        ;35088;401.879,00
890914526-4;ALMACENES FLAMINGO S A        ;35089;401.879,00
890914526-4;ALMACENES FLAMINGO S A        ;35090;401.879,00
890914526-4;ALMACENES FLAMINGO S A        ;35286;1.957.834,00
890914526-4;ALMACENES FLAMINGO S A        ;35287;401.879,00
890914526-4;ALMACENES FLAMINGO S A        ;35396;1.613.391,00
890914526-4;ALMACENES FLAMINGO S A        ;35402;2.732.649,00
890914526-4;ALMACENES FLAMINGO S A        ;35407;1.724.744,00
890914526-4;ALMACENES FLAMINGO S A        ;35408;1.724.744,00
890914526-4;ALMACENES FLAMINGO S A        ;35624;1.799.117,00
890914526-4;ALMACENES FLAMINGO S A        ;35791;1.496.077,00
890914526-4;ALMACENES FLAMINGO S A        ;35985;2.546.924,00
890914526-4;ALMACENES FLAMINGO S A        ;38162;2.078.837,00
890914526-4;ALMACENES FLAMINGO S A        ;38555;938.193,00
890914526-4;ALMACENES FLAMINGO S A        ;37315;1.391.607,00
900078003-2;AMCOR HOLDINGS AUSTRALIA PTY L;39581;23.280.840,00
900078003-2;AMCOR HOLDINGS AUSTRALIA PTY L;39722;20.877.120,00
900078003-2;AMCOR HOLDINGS AUSTRALIA PTY L;39769;10.724.670,00
900078003-2;AMCOR HOLDINGS AUSTRALIA PTY L;39770;21.106.800,00
900078003-2;AMCOR HOLDINGS AUSTRALIA PTY L;39771;8.118.000,00
900078003-2;AMCOR HOLDINGS AUSTRALIA PTY L;39774;17.317.080,00
900078003-2;AMCOR HOLDINGS AUSTRALIA PTY L;39776;1.386.000,00
900078003-2;AMCOR HOLDINGS AUSTRALIA PTY L;39814;17.424.000,00
900078003-2;AMCOR HOLDINGS AUSTRALIA PTY L;39815;463.320,00
900078003-2;AMCOR HOLDINGS AUSTRALIA PTY L;39816;12.573.000,00
900078003-2;AMCOR HOLDINGS AUSTRALIA PTY L;39817;106.920,00
900078003-2;AMCOR HOLDINGS AUSTRALIA PTY L;40272;1.485.000,00
900078003-2;AMCOR HOLDINGS AUSTRALIA PTY L;40274;17.241.840,00
900078003-2;AMCOR HOLDINGS AUSTRALIA PTY L;40275;4.306.500,00
900078003-2;AMCOR HOLDINGS AUSTRALIA PTY L;40276;1.663.200,00
900078003-2;AMCOR HOLDINGS AUSTRALIA PTY L;40277;27.720,00
900078003-2;AMCOR HOLDINGS AUSTRALIA PTY L;40441;9.907.920,00
900078003-2;AMCOR HOLDINGS AUSTRALIA PTY L;40470;1.386.000,00
900078003-2;AMCOR HOLDINGS AUSTRALIA PTY L;40480;2.079.000,00
800041723-4;AMCOR RIGID PACKAGING DE COLOM;32454;28.689.100,00
800041723-4;AMCOR RIGID PACKAGING DE COLOM;39244;18.067.500,00
800041723-4;AMCOR RIGID PACKAGING DE COLOM;39258;4.158.000,00
800041723-4;AMCOR RIGID PACKAGING DE COLOM;39259;2.178.000,00
800041723-4;AMCOR RIGID PACKAGING DE COLOM;39582;14.048.100,00
800041723-4;AMCOR RIGID PACKAGING DE COLOM;39583;16.721.100,00
800041723-4;AMCOR RIGID PACKAGING DE COLOM;39584;13.315.500,00
800041723-4;AMCOR RIGID PACKAGING DE COLOM;39585;19.453.500,00
800041723-4;AMCOR RIGID PACKAGING DE COLOM;39586;23.789.700,00
800041723-4;AMCOR RIGID PACKAGING DE COLOM;39587;15.632.100,00
800041723-4;AMCOR RIGID PACKAGING DE COLOM;39669;2.574.000,00
800041723-4;AMCOR RIGID PACKAGING DE COLOM;39670;990.000,00
800041723-4;AMCOR RIGID PACKAGING DE COLOM;39718;6.177.600,00
800041723-4;AMCOR RIGID PACKAGING DE COLOM;39719;1.980.000,00
800041723-4;AMCOR RIGID PACKAGING DE COLOM;39720;2.742.300,00
800041723-4;AMCOR RIGID PACKAGING DE COLOM;39721;5.940.000,00
800041723-4;AMCOR RIGID PACKAGING DE COLOM;39745;23.482.800,00
800041723-4;AMCOR RIGID PACKAGING DE COLOM;39746;11.434.500,00
800041723-4;AMCOR RIGID PACKAGING DE COLOM;39747;14.058.000,00
800041723-4;AMCOR RIGID PACKAGING DE COLOM;39748;3.069.000,00
800041723-4;AMCOR RIGID PACKAGING DE COLOM;39749;1.980.000,00
800041723-4;AMCOR RIGID PACKAGING DE COLOM;39750;990.000,00
800041723-4;AMCOR RIGID PACKAGING DE COLOM;39751;3.960.000,00
800041723-4;AMCOR RIGID PACKAGING DE COLOM;39754;594.000,00
800041723-4;AMCOR RIGID PACKAGING DE COLOM;39757;4.752.000,00
800041723-4;AMCOR RIGID PACKAGING DE COLOM;39955;10.444.500,00
800041723-4;AMCOR RIGID PACKAGING DE COLOM;39956;12.384.900,00
800041723-4;AMCOR RIGID PACKAGING DE COLOM;39957;14.859.900,00
800041723-4;AMCOR RIGID PACKAGING DE COLOM;39959;2.445.300,00
800041723-4;AMCOR RIGID PACKAGING DE COLOM;40137;2.376.000,00
800041723-4;AMCOR RIGID PACKAGING DE COLOM;40138;3.366.000,00
800041723-4;AMCOR RIGID PACKAGING DE COLOM;40139;594.000,00
800041723-4;AMCOR RIGID PACKAGING DE COLOM;40140;2.970.000,00
800041723-4;AMCOR RIGID PACKAGING DE COLOM;40141;12.919.500,00
800041723-4;AMCOR RIGID PACKAGING DE COLOM;40142;19.156.500,00
800041723-4;AMCOR RIGID PACKAGING DE COLOM;40174;2.128.500,00
800041723-4;AMCOR RIGID PACKAGING DE COLOM;40175;1.683.000,00
800041723-4;AMCOR RIGID PACKAGING DE COLOM;40176;1.237.500,00
800041723-4;AMCOR RIGID PACKAGING DE COLOM;40197;3.762.000,00
800041723-4;AMCOR RIGID PACKAGING DE COLOM;40273;2.128.500,00
800041723-4;AMCOR RIGID PACKAGING DE COLOM;40282;16.384.500,00
800041723-4;AMCOR RIGID PACKAGING DE COLOM;40315;3.712.500,00
800041723-4;AMCOR RIGID PACKAGING DE COLOM;40337;3.712.500,00
800041723-4;AMCOR RIGID PACKAGING DE COLOM;40474;31.115.700,00
800041723-4;AMCOR RIGID PACKAGING DE COLOM;40475;27.621.000,00
800041723-4;AMCOR RIGID PACKAGING DE COLOM;40476;16.562.700,00
800041723-4;AMCOR RIGID PACKAGING DE COLOM;40481;9.573.300,00
800041723-4;AMCOR RIGID PACKAGING DE COLOM;40493;13.018.500,00
800041723-4;AMCOR RIGID PACKAGING DE COLOM;40495;18.166.500,00
800041723-4;AMCOR RIGID PACKAGING DE COLOM;40503;4.623.300,00
800041723-4;AMCOR RIGID PACKAGING DE COLOM;40509;1.782.000,00
800041723-4;AMCOR RIGID PACKAGING DE COLOM;40510;1.881.000,00
800041723-4;AMCOR RIGID PACKAGING DE COLOM;40513;2.772.000,00
900871932-0;AMENI GROUP SAS               ;40120;1.633.500,00
890903938-8;BANCOLOMBIA SA                ;40286;910.113,00
890903938-8;BANCOLOMBIA SA                ;40471;593.997,00
806008047-6;BDP COLOMBIA S A.S            ;40598;19.800.000,00
830043084-4;C I CARBOCOQUE S A            ;38924;4.626.468,00
830043084-4;C I CARBOCOQUE S A            ;38925;4.979.750,00
830043084-4;C I CARBOCOQUE S A            ;39111;5.035.734,00
830043084-4;C I CARBOCOQUE S A            ;39112;4.723.488,00
830043084-4;C I CARBOCOQUE S A            ;39113;5.084.541,00
830043084-4;C I CARBOCOQUE S A            ;39114;4.909.410,00
830043084-4;C I CARBOCOQUE S A            ;39115;4.882.334,00
830043084-4;C I CARBOCOQUE S A            ;39116;4.923.765,00
830043084-4;C I CARBOCOQUE S A            ;39117;4.986.927,00
830043084-4;C I CARBOCOQUE S A            ;39118;4.961.088,00
830043084-4;C I CARBOCOQUE S A            ;39119;4.623.350,00
830043084-4;C I CARBOCOQUE S A            ;39188;4.524.944,00
830043084-4;C I CARBOCOQUE S A            ;39189;4.562.762,00
830043084-4;C I CARBOCOQUE S A            ;39190;5.284.818,00
830043084-4;C I CARBOCOQUE S A            ;39191;5.330.853,00
830043084-4;C I CARBOCOQUE S A            ;39192;5.306.301,00
830043084-4;C I CARBOCOQUE S A            ;39384;5.493.460,00
830043084-4;C I CARBOCOQUE S A            ;39385;5.346.000,00
830043084-4;C I CARBOCOQUE S A            ;39386;5.474.601,00
830043084-4;C I CARBOCOQUE S A            ;39399;5.825.061,00
830043084-4;C I CARBOCOQUE S A            ;39400;5.699.282,00
830043084-4;C I CARBOCOQUE S A            ;39401;5.669.878,00
830043084-4;C I CARBOCOQUE S A            ;39402;5.355.504,00
830043084-4;C I CARBOCOQUE S A            ;39403;5.602.905,00
830043084-4;C I CARBOCOQUE S A            ;39404;5.338.624,00
830043084-4;C I CARBOCOQUE S A            ;39412;5.303.232,00
830043084-4;C I CARBOCOQUE S A            ;39490;5.273.136,00
830043084-4;C I CARBOCOQUE S A            ;39491;5.534.594,00
830043084-4;C I CARBOCOQUE S A            ;39492;5.344.416,00
830043084-4;C I CARBOCOQUE S A            ;39513;5.522.319,00
830043084-4;C I CARBOCOQUE S A            ;39514;5.269.324,00
830043084-4;C I CARBOCOQUE S A            ;39515;5.342.882,00
830043084-4;C I CARBOCOQUE S A            ;39516;5.456.880,00
830043084-4;C I CARBOCOQUE S A            ;39517;5.410.944,00
830043084-4;C I CARBOCOQUE S A            ;39602;5.269.869,00
830043084-4;C I CARBOCOQUE S A            ;39695;5.220.567,00
830043084-4;C I CARBOCOQUE S A            ;39696;5.691.114,00
830043084-4;C I CARBOCOQUE S A            ;39697;5.385.600,00
830043084-4;C I CARBOCOQUE S A            ;39698;5.524.992,00
830043084-4;C I CARBOCOQUE S A            ;39699;5.625.774,00
830043084-4;C I CARBOCOQUE S A            ;39732;5.279.472,00
830043084-4;C I CARBOCOQUE S A            ;39775;5.506.528,00
830043084-4;C I CARBOCOQUE S A            ;39796;5.379.808,00
830043084-4;C I CARBOCOQUE S A            ;39797;5.651.910,00
830043084-4;C I CARBOCOQUE S A            ;39798;5.635.575,00
830043084-4;C I CARBOCOQUE S A            ;39945;5.535.486,00
830043084-4;C I CARBOCOQUE S A            ;39946;5.509.647,00
830043084-4;C I CARBOCOQUE S A            ;39947;5.746.653,00
830043084-4;C I CARBOCOQUE S A            ;39948;5.617.606,00
830043084-4;C I CARBOCOQUE S A            ;39949;5.363.424,00
830043084-4;C I CARBOCOQUE S A            ;40013;5.224.032,00
830043084-4;C I CARBOCOQUE S A            ;40054;5.452.128,00
830043084-4;C I CARBOCOQUE S A            ;40056;5.548.752,00
830043084-4;C I CARBOCOQUE S A            ;40057;5.518.656,00
830043084-4;C I CARBOCOQUE S A            ;40058;5.629.041,00
830043084-4;C I CARBOCOQUE S A            ;40059;5.655.177,00
830043084-4;C I CARBOCOQUE S A            ;40061;5.366.592,00
830043084-4;C I CARBOCOQUE S A            ;40062;5.385.600,00
830043084-4;C I CARBOCOQUE S A            ;40063;5.647.010,00
830043084-4;C I CARBOCOQUE S A            ;40064;5.540.832,00
830043084-4;C I CARBOCOQUE S A            ;40266;5.281.056,00
830043084-4;C I CARBOCOQUE S A            ;40267;5.300.064,00
830043084-4;C I CARBOCOQUE S A            ;40318;5.401.440,00
830043084-4;C I CARBOCOQUE S A            ;40319;5.707.449,00
830043084-4;C I CARBOCOQUE S A            ;40320;5.648.643,00
830043084-4;C I CARBOCOQUE S A            ;40321;5.469.008,00
830043084-4;C I CARBOCOQUE S A            ;40322;5.691.114,00
830043084-4;C I CARBOCOQUE S A            ;40323;5.439.456,00
830043084-4;C I CARBOCOQUE S A            ;40324;5.334.912,00
830043084-4;C I CARBOCOQUE S A            ;40540;5.466.384,00
830043084-4;C I CARBOCOQUE S A            ;40541;4.997.025,00
830043084-4;C I CARBOCOQUE S A            ;40543;5.691.114,00
830043084-4;C I CARBOCOQUE S A            ;40544;5.650.128,00
830043084-4;C I CARBOCOQUE S A            ;40545;4.893.966,00
830043084-4;C I CARBOCOQUE S A            ;40546;5.300.262,00
830043084-4;C I CARBOCOQUE S A            ;40547;5.369.562,00
830043084-4;C I CARBOCOQUE S A            ;40553;5.317.488,00
900291798-0;C.I. ADM COLOMBIA LTDA        ;40391;5.098.500,00
900901001-9;CALA COLOMBIA S.A.S.          ;39311;22.276.980,00
900901001-9;CALA COLOMBIA S.A.S.          ;39409;4.474.800,00
900901001-9;CALA COLOMBIA S.A.S.          ;39434;25.829.100,00
900901001-9;CALA COLOMBIA S.A.S.          ;39489;1.831.500,00
900901001-9;CALA COLOMBIA S.A.S.          ;39822;19.694.070,00
900901001-9;CALA COLOMBIA S.A.S.          ;39900;3.019.500,00
900901001-9;CALA COLOMBIA S.A.S.          ;40073;4.474.800,00
900901001-9;CALA COLOMBIA S.A.S.          ;40153;40.961.250,00
900901001-9;CALA COLOMBIA S.A.S.          ;40384;4.158.000,00
900901001-9;CALA COLOMBIA S.A.S.          ;40448;20.260.350,00
900901001-9;CALA COLOMBIA S.A.S.          ;40654;3.019.500,00
900901001-9;CALA COLOMBIA S.A.S.          ;40656;4.653.000,00
900901001-9;CALA COLOMBIA S.A.S.          ;40657;4.653.000,00
900901001-9;CALA COLOMBIA S.A.S.          ;40700;4.356.000,00
900901001-9;CALA COLOMBIA S.A.S.          ;40714;25.933.050,00
901380949-1;CARIBEMAR DE LA COSTA SAS ESP ;39195;32.720.292,00
901380949-1;CARIBEMAR DE LA COSTA SAS ESP ;39369;54.351.000,00
901380949-1;CARIBEMAR DE LA COSTA SAS ESP ;39372;17.325.000,00
901380949-1;CARIBEMAR DE LA COSTA SAS ESP ;39527;13.266.000,00
901380949-1;CARIBEMAR DE LA COSTA SAS ESP ;39531;27.609.120,00
901380949-1;CARIBEMAR DE LA COSTA SAS ESP ;39536;63.924.300,00
901380949-1;CARIBEMAR DE LA COSTA SAS ESP ;39600;8.487.468,00
901380949-1;CARIBEMAR DE LA COSTA SAS ESP ;39689;34.897.500,00
901380949-1;CARIBEMAR DE LA COSTA SAS ESP ;40403;26.076.600,00
901380949-1;CARIBEMAR DE LA COSTA SAS ESP ;40404;39.807.900,00
901380949-1;CARIBEMAR DE LA COSTA SAS ESP ;40405;13.266.000,00
901380949-1;CARIBEMAR DE LA COSTA SAS ESP ;40406;13.266.000,00
901380949-1;CARIBEMAR DE LA COSTA SAS ESP ;40410;23.463.000,00
901380949-1;CARIBEMAR DE LA COSTA SAS ESP ;40411;2.506.680,00
901380949-1;CARIBEMAR DE LA COSTA SAS ESP ;40412;27.126.000,00
901380949-1;CARIBEMAR DE LA COSTA SAS ESP ;40413;9.733.284,00
901380949-1;CARIBEMAR DE LA COSTA SAS ESP ;40414;14.067.900,00
901380949-1;CARIBEMAR DE LA COSTA SAS ESP ;40415;4.494.600,00
901380949-1;CARIBEMAR DE LA COSTA SAS ESP ;40416;56.370.600,00
901380949-1;CARIBEMAR DE LA COSTA SAS ESP ;40417;22.558.140,00
901380949-1;CARIBEMAR DE LA COSTA SAS ESP ;40418;56.495.340,00
901380949-1;CARIBEMAR DE LA COSTA SAS ESP ;40419;27.126.000,00
901380949-1;CARIBEMAR DE LA COSTA SAS ESP ;40420;44.525.250,00
901380949-1;CARIBEMAR DE LA COSTA SAS ESP ;40421;20.584.080,00
901380949-1;CARIBEMAR DE LA COSTA SAS ESP ;37495;53.836.200,00
901380949-1;CARIBEMAR DE LA COSTA SAS ESP ;37496;64.902.816,00
890301884-5;COLOMBINA S A                 ;38626;1.584.000,00
890301884-5;COLOMBINA S A                 ;39763;94.248,00
890301884-5;COLOMBINA S A                 ;39963;5.445.000,00
890301884-5;COLOMBINA S A                 ;39964;1.584.000,00
890301884-5;COLOMBINA S A                 ;39965;5.445.000,00
890301884-5;COLOMBINA S A                 ;39996;3.861.000,00
890301884-5;COLOMBINA S A                 ;39997;3.861.000,00
890301884-5;COLOMBINA S A                 ;40034;6.583.500,00
890301884-5;COLOMBINA S A                 ;40035;940.500,00
890301884-5;COLOMBINA S A                 ;40167;3.861.000,00
890301884-5;COLOMBINA S A                 ;40240;3.861.000,00
890301884-5;COLOMBINA S A                 ;40241;5.445.000,00
890301884-5;COLOMBINA S A                 ;40242;3.861.000,00
890301884-5;COLOMBINA S A                 ;40317;1.732.500,00
890301884-5;COLOMBINA S A                 ;40325;5.445.000,00
890301884-5;COLOMBINA S A                 ;40326;3.861.000,00
890301884-5;COLOMBINA S A                 ;40348;2.864.759,00
890301884-5;COLOMBINA S A                 ;40349;106.029,00
890301884-5;COLOMBINA S A                 ;40350;100.138,00
890301884-5;COLOMBINA S A                 ;40351;100.138,00
890301884-5;COLOMBINA S A                 ;40352;88.358,00
890301884-5;COLOMBINA S A                 ;40426;5.445.000,00
890301884-5;COLOMBINA S A                 ;40429;3.861.000,00
890301884-5;COLOMBINA S A                 ;40564;940.500,00
890301884-5;COLOMBINA S A                 ;40565;4.068.900,00
890301884-5;COLOMBINA S A                 ;40591;3.861.000,00
890301884-5;COLOMBINA S A                 ;40618;3.861.000,00
890301884-5;COLOMBINA S A                 ;40619;5.445.000,00
890301884-5;COLOMBINA S A                 ;40620;1.584.000,00
890301884-5;COLOMBINA S A                 ;40638;5.445.000,00
811036030-9;COMPANIA NACIONAL DE CHOCOLATE;40069;8.474.400,00
811036030-9;COMPANIA NACIONAL DE CHOCOLATE;40122;8.474.400,00
811036030-9;COMPANIA NACIONAL DE CHOCOLATE;40278;8.474.400,00
811036030-9;COMPANIA NACIONAL DE CHOCOLATE;40333;8.474.400,00
811036030-9;COMPANIA NACIONAL DE CHOCOLATE;40483;8.474.400,00
811036030-9;COMPANIA NACIONAL DE CHOCOLATE;40484;8.474.400,00
811036030-9;COMPANIA NACIONAL DE CHOCOLATE;40593;8.474.400,00
811036030-9;COMPANIA NACIONAL DE CHOCOLATE;40594;8.474.400,00
900179369-6;CONFIPETROL S.A.S             ;39623;5.088.000,00
900899437-8;CONSORCIO ANTIOQUIA AL MAR    ;40346;11.476.080,00
900899437-8;CONSORCIO ANTIOQUIA AL MAR    ;40621;11.384.999,00
901763298-1;CONSORCIO CYS                 ;37948;3.975.800,00
901763298-1;CONSORCIO CYS                 ;40168;272.133.421,00
890904478-6;COOPERATIVA COLANTA LTDA      ;39443;172.260,00
890904478-6;COOPERATIVA COLANTA LTDA      ;40032;22.436.736,00
890904478-6;COOPERATIVA COLANTA LTDA      ;40037;2.811.110,00
890904478-6;COOPERATIVA COLANTA LTDA      ;40038;8.433.330,00
890904478-6;COOPERATIVA COLANTA LTDA      ;40039;2.068.110,00
890904478-6;COOPERATIVA COLANTA LTDA      ;40040;2.811.110,00
890904478-6;COOPERATIVA COLANTA LTDA      ;40041;3.323.252,00
890904478-6;COOPERATIVA COLANTA LTDA      ;40042;12.534.378,00
890904478-6;COOPERATIVA COLANTA LTDA      ;40055;29.823.007,00
890904478-6;COOPERATIVA COLANTA LTDA      ;40060;11.246.990,00
890904478-6;COOPERATIVA COLANTA LTDA      ;40090;563.486,00
890904478-6;COOPERATIVA COLANTA LTDA      ;40164;1.609.194,00
890904478-6;COOPERATIVA COLANTA LTDA      ;40165;1.609.194,00
890904478-6;COOPERATIVA COLANTA LTDA      ;40217;30.007.600,00
890904478-6;COOPERATIVA COLANTA LTDA      ;40220;30.836.864,00
890904478-6;COOPERATIVA COLANTA LTDA      ;40225;15.975.596,00
890904478-6;COOPERATIVA COLANTA LTDA      ;40248;2.466.944,00
890904478-6;COOPERATIVA COLANTA LTDA      ;40261;33.434.839,00
890904478-6;COOPERATIVA COLANTA LTDA      ;40262;30.823.085,00
890904478-6;COOPERATIVA COLANTA LTDA      ;40263;32.811.869,00
890904478-6;COOPERATIVA COLANTA LTDA      ;40264;25.436.511,00
890904478-6;COOPERATIVA COLANTA LTDA      ;40310;592.020,00
890904478-6;COOPERATIVA COLANTA LTDA      ;40519;3.434.810,00
890904478-6;COOPERATIVA COLANTA LTDA      ;40520;8.433.330,00
890904478-6;COOPERATIVA COLANTA LTDA      ;40521;5.622.220,00
890904478-6;COOPERATIVA COLANTA LTDA      ;40523;2.068.542,00
890904478-6;COOPERATIVA COLANTA LTDA      ;40524;5.622.220,00
890904478-6;COOPERATIVA COLANTA LTDA      ;40529;8.397.901,00
890904478-6;COOPERATIVA COLANTA LTDA      ;40531;1.609.194,00
890904478-6;COOPERATIVA COLANTA LTDA      ;40533;2.068.885,00
890904478-6;COOPERATIVA COLANTA LTDA      ;40535;5.525.513,00
890904478-6;COOPERATIVA COLANTA LTDA      ;40568;1.403.744,00
890904478-6;COOPERATIVA COLANTA LTDA      ;40569;32.104.122,00
890904478-6;COOPERATIVA COLANTA LTDA      ;40570;30.548.960,00
890904478-6;COOPERATIVA COLANTA LTDA      ;40571;17.372.927,00
890904478-6;COOPERATIVA COLANTA LTDA      ;40572;27.351.040,00
890904478-6;COOPERATIVA COLANTA LTDA      ;40582;30.757.664,00
890904478-6;COOPERATIVA COLANTA LTDA      ;40584;30.634.353,00
890904478-6;COOPERATIVA COLANTA LTDA      ;40585;6.397.324,00
890904478-6;COOPERATIVA COLANTA LTDA      ;40586;6.204.275,00
890904478-6;COOPERATIVA COLANTA LTDA      ;40596;29.703.537,00
890904478-6;COOPERATIVA COLANTA LTDA      ;40601;32.139.870,00
890904478-6;COOPERATIVA COLANTA LTDA      ;40602;27.126.018,00
890904478-6;COOPERATIVA COLANTA LTDA      ;40603;1.919.356,00
890904478-6;COOPERATIVA COLANTA LTDA      ;40630;6.952.103,00
890904478-6;COOPERATIVA COLANTA LTDA      ;40640;32.092.478,00
890904478-6;COOPERATIVA COLANTA LTDA      ;40641;29.891.710,00
890904478-6;COOPERATIVA COLANTA LTDA      ;40642;31.784.121,00
890904478-6;COOPERATIVA COLANTA LTDA      ;40644;35.259.501,00
890904478-6;COOPERATIVA COLANTA LTDA      ;40694;1.533.649,00
890904478-6;COOPERATIVA COLANTA LTDA      ;40696;29.983.884,00
890904478-6;COOPERATIVA COLANTA LTDA      ;40697;5.715.339,00
890904478-6;COOPERATIVA COLANTA LTDA      ;40698;17.578.562,00
890904478-6;COOPERATIVA COLANTA LTDA      ;40702;5.304.692,00
890904478-6;COOPERATIVA COLANTA LTDA      ;40705;31.626.395,00
890904478-6;COOPERATIVA COLANTA LTDA      ;40706;31.606.687,00
890904478-6;COOPERATIVA COLANTA LTDA      ;40710;26.102.332,00
890904478-6;COOPERATIVA COLANTA LTDA      ;40711;6.952.314,00
890904478-6;COOPERATIVA COLANTA LTDA      ;40713;7.058.715,00
890904478-6;COOPERATIVA COLANTA LTDA      ;40716;2.057.038,00
890904478-6;COOPERATIVA COLANTA LTDA      ;40718;759.251,00
800093455-8;CORPORACION CENTRO DE CIENCIA ;40271;1.206.250,00
800134371-5;CORTEACEROS SA                ;39884;5.940.000,00
800134371-5;CORTEACEROS SA                ;39937;4.482.923,00
800134371-5;CORTEACEROS SA                ;39938;3.002.492,00
800134371-5;CORTEACEROS SA                ;39986;4.752.000,00
800134371-5;CORTEACEROS SA                ;40030;4.737.150,00
800134371-5;CORTEACEROS SA                ;40077;6.930.000,00
800134371-5;CORTEACEROS SA                ;40151;1.386.000,00
800134371-5;CORTEACEROS SA                ;40228;2.855.160,00
800134371-5;CORTEACEROS SA                ;40231;5.042.768,00
800134371-5;CORTEACEROS SA                ;40232;4.439.427,00
800134371-5;CORTEACEROS SA                ;40239;7.128.000,00
800134371-5;CORTEACEROS SA                ;40303;2.827.024,00
800134371-5;CORTEACEROS SA                ;40304;2.874.841,00
800134371-5;CORTEACEROS SA                ;40305;2.900.898,00
800134371-5;CORTEACEROS SA                ;40306;2.817.045,00
800134371-5;CORTEACEROS SA                ;40307;1.436.866,00
800134371-5;CORTEACEROS SA                ;40314;4.462.252,00
800134371-5;CORTEACEROS SA                ;40492;2.873.178,00
900260192-5;DISTRIBUIDORA BRAHMAN SAS     ;40033;23.463.000,00
800114140-5;DISTRIBUIDORA DE COLORANTES Y ;40009;1.950.300,00
800114140-5;DISTRIBUIDORA DE COLORANTES Y ;40010;4.455.000,00
800114140-5;DISTRIBUIDORA DE COLORANTES Y ;40011;5.148.000,00
800114140-5;DISTRIBUIDORA DE COLORANTES Y ;40335;5.346.000,00
800114140-5;DISTRIBUIDORA DE COLORANTES Y ;40473;5.593.500,00
800114140-5;DISTRIBUIDORA DE COLORANTES Y ;40655;841.500,00
800114140-5;DISTRIBUIDORA DE COLORANTES Y ;40659;4.385.700,00
900160948-7;DOBLACERO S.A.S.              ;40443;6.732.000,00
900160948-7;DOBLACERO S.A.S.              ;40669;6.435.000,00
900160948-7;DOBLACERO S.A.S.              ;40683;3.564.000,00
900933906-6;DYD LOGISTICA Y EMPAQUES SAS  ;49147;1.584.000,00
900933906-6;DYD LOGISTICA Y EMPAQUES SAS  ;49158;1.584.000,00
830030945-4;E C CARGO S A S               ;39641;6.781.500,00
830030945-4;E C CARGO S A S               ;39645;1.762.200,00
830030945-4;E C CARGO S A S               ;39838;7.573.500,00
900098858-8;ECCOSIS INGENIERIA S.A.S      ;39405;1.416.747,00
900502758-3;ECO - DESARROLLOS MINEROS S.A.;46113;2.197.000,00
900502758-3;ECO - DESARROLLOS MINEROS S.A.;46138;3.465.000,00
890909001-1;EMPRESA DE DISTRIBUCIONES INDU;39686;7.642.800,00
890909001-1;EMPRESA DE DISTRIBUCIONES INDU;39939;180.976,00
890909001-1;EMPRESA DE DISTRIBUCIONES INDU;40188;1.305.834,00
890909001-1;EMPRESA DE DISTRIBUCIONES INDU;40336;3.465.000,00
890909001-1;EMPRESA DE DISTRIBUCIONES INDU;40388;6.256.800,00
890909001-1;EMPRESA DE DISTRIBUCIONES INDU;40432;2.019.600,00
890909001-1;EMPRESA DE DISTRIBUCIONES INDU;40449;891.000,00
890909001-1;EMPRESA DE DISTRIBUCIONES INDU;40450;594.000,00
890909001-1;EMPRESA DE DISTRIBUCIONES INDU;40451;594.000,00
890909001-1;EMPRESA DE DISTRIBUCIONES INDU;40452;1.881.000,00
890909001-1;EMPRESA DE DISTRIBUCIONES INDU;40453;990.000,00
890909001-1;EMPRESA DE DISTRIBUCIONES INDU;40454;594.000,00
890909001-1;EMPRESA DE DISTRIBUCIONES INDU;40455;891.000,00
890909001-1;EMPRESA DE DISTRIBUCIONES INDU;40461;3.373.920,00
890909001-1;EMPRESA DE DISTRIBUCIONES INDU;40462;7.960.964,00
890909001-1;EMPRESA DE DISTRIBUCIONES INDU;40463;5.446.881,00
890909001-1;EMPRESA DE DISTRIBUCIONES INDU;40464;5.081.670,00
890909001-1;EMPRESA DE DISTRIBUCIONES INDU;40465;1.124.640,00
890909001-1;EMPRESA DE DISTRIBUCIONES INDU;40467;7.282.143,00
890909001-1;EMPRESA DE DISTRIBUCIONES INDU;40468;20.757.825,00
890909001-1;EMPRESA DE DISTRIBUCIONES INDU;40469;488.070,00
890909001-1;EMPRESA DE DISTRIBUCIONES INDU;40482;7.761.600,00
890909001-1;EMPRESA DE DISTRIBUCIONES INDU;40504;3.366.000,00
890909001-1;EMPRESA DE DISTRIBUCIONES INDU;40506;8.415.000,00
890909001-1;EMPRESA DE DISTRIBUCIONES INDU;40518;1.465.200,00
890909001-1;EMPRESA DE DISTRIBUCIONES INDU;40549;7.761.600,00
890909001-1;EMPRESA DE DISTRIBUCIONES INDU;40550;2.673.000,00
890909001-1;EMPRESA DE DISTRIBUCIONES INDU;40551;4.158.000,00
890909001-1;EMPRESA DE DISTRIBUCIONES INDU;40552;1.089.000,00
890909001-1;EMPRESA DE DISTRIBUCIONES INDU;40558;1.980.000,00
890909001-1;EMPRESA DE DISTRIBUCIONES INDU;40610;544.500,00
890909001-1;EMPRESA DE DISTRIBUCIONES INDU;40611;594.000,00
890909001-1;EMPRESA DE DISTRIBUCIONES INDU;40612;1.534.500,00
890909001-1;EMPRESA DE DISTRIBUCIONES INDU;40613;5.890.500,00
890909001-1;EMPRESA DE DISTRIBUCIONES INDU;40614;594.000,00
890909001-1;EMPRESA DE DISTRIBUCIONES INDU;40615;3.168.000,00
890909001-1;EMPRESA DE DISTRIBUCIONES INDU;40616;2.019.600,00
890909001-1;EMPRESA DE DISTRIBUCIONES INDU;40617;5.445.000,00
890909001-1;EMPRESA DE DISTRIBUCIONES INDU;40622;2.019.600,00
890909001-1;EMPRESA DE DISTRIBUCIONES INDU;40624;3.861.000,00
890909001-1;EMPRESA DE DISTRIBUCIONES INDU;40627;7.821.000,00
890909001-1;EMPRESA DE DISTRIBUCIONES INDU;40631;445.500,00
890909001-1;EMPRESA DE DISTRIBUCIONES INDU;40636;4.059.000,00
890909001-1;EMPRESA DE DISTRIBUCIONES INDU;40653;1.782.000,00
890909001-1;EMPRESA DE DISTRIBUCIONES INDU;40663;7.722.000,00
890909001-1;EMPRESA DE DISTRIBUCIONES INDU;40664;1.089.000,00
890909001-1;EMPRESA DE DISTRIBUCIONES INDU;40692;7.959.600,00
860007538-2;FEDERACION NACIONAL DE CAFETER;40308;14.266.514,00
860007538-2;FEDERACION NACIONAL DE CAFETER;40309;5.460.840,00
860007538-2;FEDERACION NACIONAL DE CAFETER;40566;2.749.824,00
860007538-2;FEDERACION NACIONAL DE CAFETER;40567;4.334.970,00
860007538-2;FEDERACION NACIONAL DE CAFETER;40574;49.066.980,00
860007538-2;FEDERACION NACIONAL DE CAFETER;40667;13.316.738,00
860007538-2;FEDERACION NACIONAL DE CAFETER;40668;13.348.071,00
811025635-7;FEELING COMPANY S.A.S         ;39026;810.600,00
811025635-7;FEELING COMPANY S.A.S         ;39863;2.166.425,00
811025635-7;FEELING COMPANY S.A.S         ;39865;1.737.000,00
811025635-7;FEELING COMPANY S.A.S         ;39866;1.968.600,00
811025635-7;FEELING COMPANY S.A.S         ;39870;2.132.650,00
811025635-7;FEELING COMPANY S.A.S         ;39921;1.158.000,00
811025635-7;FEELING COMPANY S.A.S         ;40192;440.040,00
811025635-7;FEELING COMPANY S.A.S         ;40253;1.158.000,00
890913555-3;FERROINDUSTRIAL S.A.          ;40204;6.412.453,00
890913555-3;FERROINDUSTRIAL S.A.          ;40205;7.490.974,00
890913555-3;FERROINDUSTRIAL S.A.          ;40207;606.068,00
890913555-3;FERROINDUSTRIAL S.A.          ;40208;585.540,00
890913555-3;FERROINDUSTRIAL S.A.          ;40703;9.347.719,00
901283538-2;FIBROTEX DE COLOMBIA SAS      ;40244;3.201.500,00
901283538-2;FIBROTEX DE COLOMBIA SAS      ;40472;3.197.700,00
901697005-6;FREEPORT LOGISTICS S.A.S.     ;40647;1.683.000,00
891408584-5;FRSIBY SA                     ;39913;4.059.000,00
891408584-5;FRSIBY SA                     ;39926;4.059.000,00
891408584-5;FRSIBY SA                     ;40227;881.100,00
891408584-5;FRSIBY SA                     ;40280;1.386.000,00
891408584-5;FRSIBY SA                     ;40554;4.059.000,00
891408584-5;FRSIBY SA                     ;40625;3.009.600,00
891408584-5;FRSIBY SA                     ;40708;3.009.600,00
900911788-9;FRUTAFINO S A S               ;43858;1.888.250,00
900911788-9;FRUTAFINO S A S               ;47982;5.395.500,00
800172871-8;GEOCOL CONSULTORES S.A.       ;39406;12.692.801,00
800172871-8;GEOCOL CONSULTORES S.A.       ;40427;21.070.882,00
900493698-1;GEOPARK COLOMBIA S.A.S        ;40021;34.426.423,00
900493698-1;GEOPARK COLOMBIA S.A.S        ;40022;30.370.095,00
900493698-1;GEOPARK COLOMBIA S.A.S        ;40023;44.926.794,00
900493698-1;GEOPARK COLOMBIA S.A.S        ;40555;42.356.581,00
891300529-4;GRASAS S A                    ;34761;1.683.000,00
891300529-4;GRASAS S A                    ;39199;1.633.500,00
891300529-4;GRASAS S A                    ;39257;6.068.700,00
891300529-4;GRASAS S A                    ;39525;2.156.764,00
891300529-4;GRASAS S A                    ;39526;6.068.700,00
891300529-4;GRASAS S A                    ;39575;1.584.000,00
891300529-4;GRASAS S A                    ;39576;2.475.000,00
891300529-4;GRASAS S A                    ;39577;3.762.000,00
891300529-4;GRASAS S A                    ;39578;3.168.000,00
891300529-4;GRASAS S A                    ;39598;534.600,00
891300529-4;GRASAS S A                    ;39603;5.791.500,00
891300529-4;GRASAS S A                    ;39604;3.514.500,00
891300529-4;GRASAS S A                    ;39605;3.593.700,00
891300529-4;GRASAS S A                    ;39631;1.584.000,00
891300529-4;GRASAS S A                    ;39653;3.128.400,00
891300529-4;GRASAS S A                    ;39672;3.514.500,00
891300529-4;GRASAS S A                    ;39673;3.514.500,00
891300529-4;GRASAS S A                    ;39674;6.068.700,00
891300529-4;GRASAS S A                    ;39675;5.791.500,00
891300529-4;GRASAS S A                    ;39676;3.514.500,00
891300529-4;GRASAS S A                    ;39677;3.514.500,00
891300529-4;GRASAS S A                    ;39678;6.217.200,00
891300529-4;GRASAS S A                    ;39685;2.574.000,00
891300529-4;GRASAS S A                    ;39712;6.080.580,00
891300529-4;GRASAS S A                    ;39713;3.793.680,00
891300529-4;GRASAS S A                    ;39723;2.574.000,00
891300529-4;GRASAS S A                    ;39724;1.930.500,00
891300529-4;GRASAS S A                    ;39726;990.000,00
891300529-4;GRASAS S A                    ;39728;2.329.767,00
891300529-4;GRASAS S A                    ;39736;3.663.000,00
891300529-4;GRASAS S A                    ;39737;3.514.500,00
891300529-4;GRASAS S A                    ;39738;3.777.840,00
891300529-4;GRASAS S A                    ;39767;6.068.700,00
891300529-4;GRASAS S A                    ;39768;4.158.000,00
891300529-4;GRASAS S A                    ;39808;4.736.568,00
891300529-4;GRASAS S A                    ;39809;6.464.700,00
891300529-4;GRASAS S A                    ;39828;3.762.000,00
891300529-4;GRASAS S A                    ;39840;6.068.700,00
891300529-4;GRASAS S A                    ;39966;3.168.000,00
891300529-4;GRASAS S A                    ;39967;3.168.000,00
891300529-4;GRASAS S A                    ;39968;2.178.000,00
891300529-4;GRASAS S A                    ;39969;3.762.000,00
891300529-4;GRASAS S A                    ;39970;2.178.000,00
891300529-4;GRASAS S A                    ;39971;1.732.500,00
891300529-4;GRASAS S A                    ;39972;1.485.000,00
891300529-4;GRASAS S A                    ;39973;4.752.000,00
891300529-4;GRASAS S A                    ;39974;3.168.000,00
891300529-4;GRASAS S A                    ;39975;990.000,00
891300529-4;GRASAS S A                    ;39976;1.485.000,00
891300529-4;GRASAS S A                    ;39977;3.168.000,00
891300529-4;GRASAS S A                    ;39978;1.930.500,00
891300529-4;GRASAS S A                    ;39979;3.762.000,00
891300529-4;GRASAS S A                    ;39980;2.079.000,00
891300529-4;GRASAS S A                    ;39981;3.168.000,00
891300529-4;GRASAS S A                    ;39984;2.673.000,00
891300529-4;GRASAS S A                    ;39994;1.831.500,00
891300529-4;GRASAS S A                    ;39995;3.168.000,00
891300529-4;GRASAS S A                    ;39998;4.603.500,00
891300529-4;GRASAS S A                    ;39999;2.574.000,00
891300529-4;GRASAS S A                    ;40000;3.861.000,00
891300529-4;GRASAS S A                    ;40001;4.158.000,00
891300529-4;GRASAS S A                    ;40003;3.514.500,00
891300529-4;GRASAS S A                    ;40004;3.465.000,00
891300529-4;GRASAS S A                    ;40005;3.465.000,00
891300529-4;GRASAS S A                    ;40006;2.574.000,00
891300529-4;GRASAS S A                    ;40007;3.639.240,00
891300529-4;GRASAS S A                    ;40008;2.135.964,00
891300529-4;GRASAS S A                    ;40012;1.831.500,00
891300529-4;GRASAS S A                    ;40036;1.831.500,00
891300529-4;GRASAS S A                    ;40050;1.485.000,00
891300529-4;GRASAS S A                    ;40068;3.762.000,00
891300529-4;GRASAS S A                    ;40145;2.079.000,00
891300529-4;GRASAS S A                    ;40146;2.178.000,00
891300529-4;GRASAS S A                    ;40152;2.574.000,00
891300529-4;GRASAS S A                    ;40154;2.574.000,00
891300529-4;GRASAS S A                    ;40155;4.158.000,00
891300529-4;GRASAS S A                    ;40156;2.315.808,00
891300529-4;GRASAS S A                    ;40157;1.703.295,00
891300529-4;GRASAS S A                    ;40158;6.217.200,00
891300529-4;GRASAS S A                    ;40159;3.514.500,00
891300529-4;GRASAS S A                    ;40178;2.238.984,00
891300529-4;GRASAS S A                    ;40202;6.217.200,00
891300529-4;GRASAS S A                    ;40203;5.962.770,00
891300529-4;GRASAS S A                    ;40210;3.811.500,00
891300529-4;GRASAS S A                    ;40214;2.376.000,00
891300529-4;GRASAS S A                    ;40233;1.683.000,00
891300529-4;GRASAS S A                    ;40234;3.762.000,00
891300529-4;GRASAS S A                    ;40235;1.485.000,00
891300529-4;GRASAS S A                    ;40254;3.762.000,00
891300529-4;GRASAS S A                    ;40255;2.376.000,00
891300529-4;GRASAS S A                    ;40256;1.584.000,00
891300529-4;GRASAS S A                    ;40293;4.039.200,00
891300529-4;GRASAS S A                    ;40294;2.143.535,00
891300529-4;GRASAS S A                    ;40295;3.514.500,00
891300529-4;GRASAS S A                    ;40296;6.068.700,00
891300529-4;GRASAS S A                    ;40297;3.514.500,00
891300529-4;GRASAS S A                    ;40327;6.068.700,00
891300529-4;GRASAS S A                    ;40328;3.514.500,00
891300529-4;GRASAS S A                    ;40329;3.809.520,00
891300529-4;GRASAS S A                    ;40330;1.287.000,00
891300529-4;GRASAS S A                    ;40331;1.472.378,00
891300529-4;GRASAS S A                    ;40355;1.881.000,00
891300529-4;GRASAS S A                    ;40392;2.574.000,00
891300529-4;GRASAS S A                    ;40430;2.574.000,00
891300529-4;GRASAS S A                    ;40431;3.514.500,00
891300529-4;GRASAS S A                    ;40433;2.376.000,00
891300529-4;GRASAS S A                    ;40434;1.485.000,00
891300529-4;GRASAS S A                    ;40435;1.485.000,00
891300529-4;GRASAS S A                    ;40436;1.683.000,00
891300529-4;GRASAS S A                    ;40437;3.762.000,00
891300529-4;GRASAS S A                    ;40477;4.851.000,00
891300529-4;GRASAS S A                    ;40478;6.068.700,00
891300529-4;GRASAS S A                    ;40479;1.287.000,00
891300529-4;GRASAS S A                    ;40499;4.910.400,00
891300529-4;GRASAS S A                    ;40500;3.514.500,00
891300529-4;GRASAS S A                    ;40522;2.376.000,00
891300529-4;GRASAS S A                    ;40525;2.079.000,00
891300529-4;GRASAS S A                    ;40527;1.584.000,00
891300529-4;GRASAS S A                    ;40528;1.831.500,00
891300529-4;GRASAS S A                    ;40530;1.683.000,00
891300529-4;GRASAS S A                    ;40532;1.584.000,00
891300529-4;GRASAS S A                    ;40537;1.831.500,00
891300529-4;GRASAS S A                    ;40560;2.079.000,00
891300529-4;GRASAS S A                    ;40563;3.960.000,00
891300529-4;GRASAS S A                    ;40577;1.732.500,00
891300529-4;GRASAS S A                    ;40578;3.663.000,00
891300529-4;GRASAS S A                    ;40587;3.762.000,00
891300529-4;GRASAS S A                    ;40604;3.950.100,00
900239210-2;GUIAR CARGA INTERNACIONAL SAS ;40701;2.238.532,00
890800413-0;HERRAMIENTAS AGRICOLAS S.A.   ;39777;2.732.400,00
890800413-0;HERRAMIENTAS AGRICOLAS S.A.   ;39818;6.190.854,00
890800413-0;HERRAMIENTAS AGRICOLAS S.A.   ;39953;1.009.800,00
890800413-0;HERRAMIENTAS AGRICOLAS S.A.   ;39987;950.400,00
890800413-0;HERRAMIENTAS AGRICOLAS S.A.   ;40026;1.039.500,00
901397680-0;HORUS ENERGY GROUP S.A.S      ;27448;18.107.840,00
901397680-0;HORUS ENERGY GROUP S.A.S      ;27488;6.722.100,00
811022703-6;IKALA - EMPRESA PARA EL DESARR;39778;3.908.250,00
811022703-6;IKALA - EMPRESA PARA EL DESARR;40665;3.184.500,00
811022703-6;IKALA - EMPRESA PARA EL DESARR;40666;5.915.450,00
890903532-1;INDUSTRIA COLOMBIANA DE CAFE S;40237;12.675.762,00
860016610-3;INTERCONEXION ELECTRICA S.A. E;40597;12.182.601,00
860016610-3;INTERCONEXION ELECTRICA S.A. E;40639;111.880.617,00
900667590-1;ISA INTERCOLOMBIA S.A. E.S.P. ;40583;42.573.102,00
800039996-1;KUEHNE Y NAGEL S.A            ;47966;3.564.000,00
900557226-3;LINARQ SAS                    ;40446;2.079.000,00
830035263-2;LIPESA COLOMBIA S.A.S;40211;4.554.000,00
901534386-8;LOGISTICA TC&E SAS            ;40166;9.108.000,00
830090773-0;MASSY ENERGY COLOMBIA S.A.S.  ;40191;74.850.000,00
860054073-1;MEJIA Y COMPANIA S A          ;38800;4.461.811,00
860054073-1;MEJIA Y COMPANIA S A          ;38926;4.274.266,00
860054073-1;MEJIA Y COMPANIA S A          ;39072;4.008.154,00
860054073-1;MEJIA Y COMPANIA S A          ;39073;4.352.832,00
860054073-1;MEJIA Y COMPANIA S A          ;40162;4.570.830,00
860054073-1;MEJIA Y COMPANIA S A          ;40268;4.462.574,00
860531287-5;MELEXA S.A.S.                 ;40027;5.217.300,00
860531287-5;MELEXA S.A.S.                 ;40229;2.539.350,00
860531287-5;MELEXA S.A.S.                 ;40270;4.311.450,00
860531287-5;MELEXA S.A.S.                 ;40536;267.300,00
860531287-5;MELEXA S.A.S.                 ;40579;2.677.950,00
811016211-1;MEZCLAS BIOMIX S A S          ;39789;2.277.000,00
811016211-1;MEZCLAS BIOMIX S A S          ;39790;4.207.500,00
811016211-1;MEZCLAS BIOMIX S A S          ;40066;1.425.112,00
811016211-1;MEZCLAS BIOMIX S A S          ;40067;1.762.200,00
811016211-1;MEZCLAS BIOMIX S A S          ;40076;2.712.112,00
811016211-1;MEZCLAS BIOMIX S A S          ;40123;4.950.000,00
811016211-1;MEZCLAS BIOMIX S A S          ;40338;693.000,00
811016211-1;MEZCLAS BIOMIX S A S          ;40354;6.138.000,00
811016211-1;MEZCLAS BIOMIX S A S          ;40589;4.950.000,00
811016211-1;MEZCLAS BIOMIX S A S          ;40590;6.138.000,00
811004786-0;MICRODENIER S A               ;40028;5.346.000,00
811004786-0;MICRODENIER S A               ;40029;5.346.000,00
811004786-0;MICRODENIER S A               ;40221;5.940.000,00
811004786-0;MICRODENIER S A               ;40230;5.940.000,00
811004786-0;MICRODENIER S A               ;40353;5.544.000,00
811041552-1;OPERACIONES SERVICIOS Y LOGIST;39960;3.000.000,00
800204226-6;PIC COLOMBIA S.A.S            ;39591;16.711.200,00
890932572-1;PINTURAS NACIONALES S.A.S     ;40024;2.762.100,00
890932572-1;PINTURAS NACIONALES S.A.S     ;40466;1.366.200,00
811015231-2;PLANET CARGO S A S            ;38964;4.653.000,00
811015231-2;PLANET CARGO S A S            ;38965;4.653.000,00
811015231-2;PLANET CARGO S A S            ;38966;4.653.000,00
811015231-2;PLANET CARGO S A S            ;38967;4.653.000,00
811015231-2;PLANET CARGO S A S            ;38968;4.653.000,00
811015231-2;PLANET CARGO S A S            ;39447;4.653.000,00
811015231-2;PLANET CARGO S A S            ;39448;4.653.000,00
811015231-2;PLANET CARGO S A S            ;40078;4.653.000,00
811015231-2;PLANET CARGO S A S            ;40079;4.653.000,00
811015231-2;PLANET CARGO S A S            ;40080;4.653.000,00
811015231-2;PLANET CARGO S A S            ;40081;4.653.000,00
811015231-2;PLANET CARGO S A S            ;40082;4.653.000,00
811015231-2;PLANET CARGO S A S            ;40083;4.653.000,00
811015231-2;PLANET CARGO S A S            ;40084;4.851.000,00
811015231-2;PLANET CARGO S A S            ;40085;4.851.000,00
811015231-2;PLANET CARGO S A S            ;40086;4.851.000,00
811015231-2;PLANET CARGO S A S            ;40087;4.851.000,00
811015231-2;PLANET CARGO S A S            ;40088;4.851.000,00
811015231-2;PLANET CARGO S A S            ;40089;4.851.000,00
811015231-2;PLANET CARGO S A S            ;40091;4.851.000,00
811015231-2;PLANET CARGO S A S            ;40092;4.851.000,00
811015231-2;PLANET CARGO S A S            ;40093;4.851.000,00
811015231-2;PLANET CARGO S A S            ;40094;4.851.000,00
811015231-2;PLANET CARGO S A S            ;40095;4.851.000,00
811015231-2;PLANET CARGO S A S            ;40096;4.851.000,00
811015231-2;PLANET CARGO S A S            ;40097;4.851.000,00
811015231-2;PLANET CARGO S A S            ;40098;4.851.000,00
811015231-2;PLANET CARGO S A S            ;40099;4.851.000,00
811015231-2;PLANET CARGO S A S            ;40100;4.851.000,00
811015231-2;PLANET CARGO S A S            ;40101;4.851.000,00
811015231-2;PLANET CARGO S A S            ;40102;4.851.000,00
811015231-2;PLANET CARGO S A S            ;40103;4.851.000,00
811015231-2;PLANET CARGO S A S            ;40104;4.851.000,00
811015231-2;PLANET CARGO S A S            ;40105;4.851.000,00
811015231-2;PLANET CARGO S A S            ;40106;4.851.000,00
811015231-2;PLANET CARGO S A S            ;40107;4.851.000,00
811015231-2;PLANET CARGO S A S            ;40108;4.851.000,00
811015231-2;PLANET CARGO S A S            ;40109;4.851.000,00
811015231-2;PLANET CARGO S A S            ;40111;4.851.000,00
811015231-2;PLANET CARGO S A S            ;40112;4.851.000,00
811015231-2;PLANET CARGO S A S            ;40113;4.851.000,00
811015231-2;PLANET CARGO S A S            ;40114;4.851.000,00
811015231-2;PLANET CARGO S A S            ;40115;4.851.000,00
800102065-9;PLASSOL S A S                 ;37252;742.932,00
800102065-9;PLASSOL S A S                 ;39134;5.544.000,00
800102065-9;PLASSOL S A S                 ;39143;5.544.000,00
800102065-9;PLASSOL S A S                 ;39144;3.960.000,00
800102065-9;PLASSOL S A S                 ;39145;5.544.000,00
800102065-9;PLASSOL S A S                 ;39154;5.544.000,00
800102065-9;PLASSOL S A S                 ;39260;3.960.000,00
800102065-9;PLASSOL S A S                 ;39436;5.742.000,00
800102065-9;PLASSOL S A S                 ;39442;3.960.000,00
800102065-9;PLASSOL S A S                 ;39467;5.643.000,00
800102065-9;PLASSOL S A S                 ;39468;5.742.000,00
800102065-9;PLASSOL S A S                 ;39474;5.643.000,00
800102065-9;PLASSOL S A S                 ;39804;3.960.000,00
800102065-9;PLASSOL S A S                 ;39857;5.643.000,00
800102065-9;PLASSOL S A S                 ;39880;3.960.000,00
800102065-9;PLASSOL S A S                 ;39899;5.742.000,00
800102065-9;PLASSOL S A S                 ;39922;5.643.000,00
800102065-9;PLASSOL S A S                 ;39991;3.960.000,00
800102065-9;PLASSOL S A S                 ;40049;5.643.000,00
800102065-9;PLASSOL S A S                 ;40198;5.643.000,00
800102065-9;PLASSOL S A S                 ;40313;5.643.000,00
800102065-9;PLASSOL S A S                 ;40459;5.742.000,00
800102065-9;PLASSOL S A S                 ;40490;5.841.000,00
800102065-9;PLASSOL S A S                 ;40515;5.643.000,00
800102065-9;PLASSOL S A S                 ;40517;5.643.000,00
800102065-9;PLASSOL S A S                 ;40562;5.643.000,00
800102065-9;PLASSOL S A S                 ;40605;5.643.000,00
800102065-9;PLASSOL S A S                 ;40637;5.841.000,00
800102065-9;PLASSOL S A S                 ;40658;3.960.000,00
800102065-9;PLASSOL S A S                 ;40686;5.742.000,00
800102065-9;PLASSOL S A S                 ;40695;5.742.000,00
811018613-6;POLINYLON S A                 ;40334;5.692.500,00
811018613-6;POLINYLON S A                 ;40491;5.692.500,00
890804199-7;PRODUCTORA DE ALAMBRES COLOMBI;39940;2.217.600,00
890804199-7;PRODUCTORA DE ALAMBRES COLOMBI;39941;3.049.200,00
890804199-7;PRODUCTORA DE ALAMBRES COLOMBI;39942;1.981.980,00
890804199-7;PRODUCTORA DE ALAMBRES COLOMBI;39950;1.633.500,00
890804199-7;PRODUCTORA DE ALAMBRES COLOMBI;39990;2.039.400,00
890804199-7;PRODUCTORA DE ALAMBRES COLOMBI;40116;3.049.200,00
890804199-7;PRODUCTORA DE ALAMBRES COLOMBI;40117;1.237.500,00
890804199-7;PRODUCTORA DE ALAMBRES COLOMBI;40118;1.825.560,00
890804199-7;PRODUCTORA DE ALAMBRES COLOMBI;40119;2.574.000,00
890804199-7;PRODUCTORA DE ALAMBRES COLOMBI;40201;1.732.500,00
890804199-7;PRODUCTORA DE ALAMBRES COLOMBI;40222;4.603.500,00
890804199-7;PRODUCTORA DE ALAMBRES COLOMBI;40223;1.732.500,00
890804199-7;PRODUCTORA DE ALAMBRES COLOMBI;40243;1.801.800,00
890804199-7;PRODUCTORA DE ALAMBRES COLOMBI;40379;1.772.100,00
890804199-7;PRODUCTORA DE ALAMBRES COLOMBI;40458;1.633.500,00
890804199-7;PRODUCTORA DE ALAMBRES COLOMBI;40514;1.732.500,00
890804199-7;PRODUCTORA DE ALAMBRES COLOMBI;40556;3.415.500,00
890804199-7;PRODUCTORA DE ALAMBRES COLOMBI;40557;1.811.700,00
890804199-7;PRODUCTORA DE ALAMBRES COLOMBI;40588;1.791.900,00
890804199-7;PRODUCTORA DE ALAMBRES COLOMBI;40595;2.079.000,00
830513756-2;REFRILOGISTICA S A S          ;38733;5.000,00
830513756-2;REFRILOGISTICA S A S          ;40046;1.323.949,00
900331462-4;S. O. S. PROMOX S. A. S.      ;44678;732.600,00
890926628-9;SENCO COLOMBIANA S.A.S        ;39791;6.930.000,00
890926628-9;SENCO COLOMBIANA S.A.S        ;39823;5.544.000,00
890926628-9;SENCO COLOMBIANA S.A.S        ;39824;3.465.000,00
890926628-9;SENCO COLOMBIANA S.A.S        ;40065;5.544.000,00
890926628-9;SENCO COLOMBIANA S.A.S        ;40289;1.782.000,00
890926628-9;SENCO COLOMBIANA S.A.S        ;40345;3.465.000,00
900738674-7;SMI COLOMBIA SAS              ;39825;1.534.500,00
900738674-7;SMI COLOMBIA SAS              ;39826;1.633.500,00
900738674-7;SMI COLOMBIA SAS              ;39827;1.910.700,00
900738674-7;SMI COLOMBIA SAS              ;39829;1.485.000,00
900738674-7;SMI COLOMBIA SAS              ;39830;1.485.000,00
900738674-7;SMI COLOMBIA SAS              ;39832;1.584.000,00
900738674-7;SMI COLOMBIA SAS              ;39833;1.485.000,00
900738674-7;SMI COLOMBIA SAS              ;39835;2.475.000,00
900738674-7;SMI COLOMBIA SAS              ;39836;2.475.000,00
900738674-7;SMI COLOMBIA SAS              ;39837;1.485.000,00
900738674-7;SMI COLOMBIA SAS              ;39839;1.900.800,00
900738674-7;SMI COLOMBIA SAS              ;39841;1.485.000,00
900738674-7;SMI COLOMBIA SAS              ;39842;1.485.000,00
900738674-7;SMI COLOMBIA SAS              ;39843;3.069.000,00
900738674-7;SMI COLOMBIA SAS              ;39844;1.831.500,00
900738674-7;SMI COLOMBIA SAS              ;39845;1.633.500,00
900738674-7;SMI COLOMBIA SAS              ;39846;1.851.300,00
900738674-7;SMI COLOMBIA SAS              ;39847;1.485.000,00
900738674-7;SMI COLOMBIA SAS              ;39848;2.178.000,00
900738674-7;SMI COLOMBIA SAS              ;39849;1.633.500,00
900738674-7;SMI COLOMBIA SAS              ;39850;1.633.500,00
900738674-7;SMI COLOMBIA SAS              ;39851;1.485.000,00
900738674-7;SMI COLOMBIA SAS              ;39852;1.485.000,00
900738674-7;SMI COLOMBIA SAS              ;39853;1.485.000,00
900738674-7;SMI COLOMBIA SAS              ;39854;1.633.500,00
900738674-7;SMI COLOMBIA SAS              ;39855;1.821.600,00
900738674-7;SMI COLOMBIA SAS              ;40124;3.069.000,00
900738674-7;SMI COLOMBIA SAS              ;40125;1.485.000,00
900738674-7;SMI COLOMBIA SAS              ;40126;1.287.000,00
900738674-7;SMI COLOMBIA SAS              ;40127;1.534.500,00
900738674-7;SMI COLOMBIA SAS              ;40128;1.633.500,00
900738674-7;SMI COLOMBIA SAS              ;40129;2.722.500,00
900738674-7;SMI COLOMBIA SAS              ;40130;1.831.500,00
900738674-7;SMI COLOMBIA SAS              ;40131;2.475.000,00
900738674-7;SMI COLOMBIA SAS              ;40132;3.148.200,00
900738674-7;SMI COLOMBIA SAS              ;40133;1.633.500,00
900738674-7;SMI COLOMBIA SAS              ;40134;1.633.500,00
900738674-7;SMI COLOMBIA SAS              ;40135;1.633.500,00
900738674-7;SMI COLOMBIA SAS              ;40136;1.287.000,00
900738674-7;SMI COLOMBIA SAS              ;40359;1.485.000,00
900738674-7;SMI COLOMBIA SAS              ;40360;1.485.000,00
900738674-7;SMI COLOMBIA SAS              ;40361;1.633.500,00
900738674-7;SMI COLOMBIA SAS              ;40362;1.584.000,00
900738674-7;SMI COLOMBIA SAS              ;40363;1.940.400,00
900738674-7;SMI COLOMBIA SAS              ;40364;1.831.500,00
900738674-7;SMI COLOMBIA SAS              ;40365;1.633.500,00
900738674-7;SMI COLOMBIA SAS              ;40366;1.485.000,00
900738674-7;SMI COLOMBIA SAS              ;40367;1.831.500,00
900738674-7;SMI COLOMBIA SAS              ;40368;1.633.500,00
900738674-7;SMI COLOMBIA SAS              ;40369;1.910.700,00
900738674-7;SMI COLOMBIA SAS              ;40370;1.900.800,00
900738674-7;SMI COLOMBIA SAS              ;40371;1.791.900,00
900738674-7;SMI COLOMBIA SAS              ;40372;1.633.500,00
900738674-7;SMI COLOMBIA SAS              ;40373;1.485.000,00
900738674-7;SMI COLOMBIA SAS              ;40374;1.633.500,00
900738674-7;SMI COLOMBIA SAS              ;40375;1.633.500,00
900738674-7;SMI COLOMBIA SAS              ;40376;2.722.500,00
900738674-7;SMI COLOMBIA SAS              ;40377;2.574.000,00
900738674-7;SMI COLOMBIA SAS              ;40378;2.475.000,00
900738674-7;SMI COLOMBIA SAS              ;40380;1.584.000,00
900738674-7;SMI COLOMBIA SAS              ;40381;2.475.000,00
900738674-7;SMI COLOMBIA SAS              ;40382;1.485.000,00
900738674-7;SMI COLOMBIA SAS              ;40383;1.485.000,00
900738674-7;SMI COLOMBIA SAS              ;40385;1.633.500,00
900738674-7;SMI COLOMBIA SAS              ;40386;1.584.000,00
900738674-7;SMI COLOMBIA SAS              ;40387;1.831.500,00
900738674-7;SMI COLOMBIA SAS              ;40389;1.287.000,00
900738674-7;SMI COLOMBIA SAS              ;40390;1.712.700,00
900738674-7;SMI COLOMBIA SAS              ;40485;2.970.000,00
900738674-7;SMI COLOMBIA SAS              ;40486;3.465.000,00
890800718-1;SUCESORES DE JOSE JESUS RESTRE;43336;1.034.869,00
890107487-3;SUPERTIENDAS Y DROGUERIAS OLIM;39758;1.504.800,00
900631527-1;SURTICEREALES MEDELL?N S.A.S. ;48081;783.500,00
901359121-3;SURTIVARGAS GLE S.A.S         ;40693;14.256.000,00
860000006-4;TEAM FOODS COLOMBIA SA        ;37889;7.916.584,00
860000006-4;TEAM FOODS COLOMBIA SA        ;38975;336.600,00
860000006-4;TEAM FOODS COLOMBIA SA        ;39141;445.500,00
860000006-4;TEAM FOODS COLOMBIA SA        ;39346;950.400,00
860000006-4;TEAM FOODS COLOMBIA SA        ;39624;14.327.280,00
860000006-4;TEAM FOODS COLOMBIA SA        ;39693;21.308.233,00
860000006-4;TEAM FOODS COLOMBIA SA        ;39856;1.927.530,00
860000006-4;TEAM FOODS COLOMBIA SA        ;39859;28.106.050,00
860000006-4;TEAM FOODS COLOMBIA SA        ;39860;6.347.880,00
860000006-4;TEAM FOODS COLOMBIA SA        ;39861;340.560,00
860000006-4;TEAM FOODS COLOMBIA SA        ;39885;425.700,00
860000006-4;TEAM FOODS COLOMBIA SA        ;39888;198.000,00
860000006-4;TEAM FOODS COLOMBIA SA        ;39889;198.000,00
860000006-4;TEAM FOODS COLOMBIA SA        ;39890;198.000,00
860000006-4;TEAM FOODS COLOMBIA SA        ;39891;198.000,00
860000006-4;TEAM FOODS COLOMBIA SA        ;39892;2.257.200,00
860000006-4;TEAM FOODS COLOMBIA SA        ;39893;396.000,00
860000006-4;TEAM FOODS COLOMBIA SA        ;39894;396.000,00
860000006-4;TEAM FOODS COLOMBIA SA        ;39895;940.500,00
860000006-4;TEAM FOODS COLOMBIA SA        ;39909;14.124.409,00
860000006-4;TEAM FOODS COLOMBIA SA        ;39917;12.596.991,00
860000006-4;TEAM FOODS COLOMBIA SA        ;39918;1.019.700,00
860000006-4;TEAM FOODS COLOMBIA SA        ;39919;520.509,00
860000006-4;TEAM FOODS COLOMBIA SA        ;39931;2.807.429,00
860000006-4;TEAM FOODS COLOMBIA SA        ;39932;1.556.821,00
860000006-4;TEAM FOODS COLOMBIA SA        ;39933;198.000,00
860000006-4;TEAM FOODS COLOMBIA SA        ;39935;78.859.205,00
860000006-4;TEAM FOODS COLOMBIA SA        ;39936;4.969.800,00
860000006-4;TEAM FOODS COLOMBIA SA        ;39983;754.380,00
860000006-4;TEAM FOODS COLOMBIA SA        ;39985;10.010.633,00
860000006-4;TEAM FOODS COLOMBIA SA        ;39992;16.394.004,00
860000006-4;TEAM FOODS COLOMBIA SA        ;39993;1.683.000,00
860000006-4;TEAM FOODS COLOMBIA SA        ;40048;297.000,00
860000006-4;TEAM FOODS COLOMBIA SA        ;40051;4.319.370,00
860000006-4;TEAM FOODS COLOMBIA SA        ;40052;12.595.157,00
860000006-4;TEAM FOODS COLOMBIA SA        ;40071;4.342.140,00
860000006-4;TEAM FOODS COLOMBIA SA        ;40072;4.342.140,00
860000006-4;TEAM FOODS COLOMBIA SA        ;40074;4.342.140,00
860000006-4;TEAM FOODS COLOMBIA SA        ;40075;4.342.140,00
860000006-4;TEAM FOODS COLOMBIA SA        ;40199;252.520,00
860000006-4;TEAM FOODS COLOMBIA SA        ;40206;4.983.660,00
860000006-4;TEAM FOODS COLOMBIA SA        ;40236;198.000,00
860000006-4;TEAM FOODS COLOMBIA SA        ;40246;28.470.754,00
860000006-4;TEAM FOODS COLOMBIA SA        ;40283;445.500,00
860000006-4;TEAM FOODS COLOMBIA SA        ;40284;445.500,00
860000006-4;TEAM FOODS COLOMBIA SA        ;40285;198.000,00
860000006-4;TEAM FOODS COLOMBIA SA        ;40344;445.500,00
860000006-4;TEAM FOODS COLOMBIA SA        ;40347;29.028.285,00
860000006-4;TEAM FOODS COLOMBIA SA        ;40394;2.128.500,00
860000006-4;TEAM FOODS COLOMBIA SA        ;40397;11.852.280,00
860000006-4;TEAM FOODS COLOMBIA SA        ;40398;415.800,00
860000006-4;TEAM FOODS COLOMBIA SA        ;40399;198.000,00
860000006-4;TEAM FOODS COLOMBIA SA        ;40400;217.800,00
860000006-4;TEAM FOODS COLOMBIA SA        ;40401;415.800,00
860000006-4;TEAM FOODS COLOMBIA SA        ;40402;2.257.200,00
860000006-4;TEAM FOODS COLOMBIA SA        ;40407;73.144.370,00
860000006-4;TEAM FOODS COLOMBIA SA        ;40409;12.294.909,00
860000006-4;TEAM FOODS COLOMBIA SA        ;40422;23.577.876,00
860000006-4;TEAM FOODS COLOMBIA SA        ;40423;2.165.130,00
860000006-4;TEAM FOODS COLOMBIA SA        ;40424;465.300,00
860000006-4;TEAM FOODS COLOMBIA SA        ;40425;31.079.529,00
860000006-4;TEAM FOODS COLOMBIA SA        ;40487;7.689.330,00
860000006-4;TEAM FOODS COLOMBIA SA        ;40494;396.000,00
860000006-4;TEAM FOODS COLOMBIA SA        ;40496;396.000,00
860000006-4;TEAM FOODS COLOMBIA SA        ;40497;346.500,00
860000006-4;TEAM FOODS COLOMBIA SA        ;40498;198.000,00
860000006-4;TEAM FOODS COLOMBIA SA        ;40501;396.000,00
860000006-4;TEAM FOODS COLOMBIA SA        ;40502;346.500,00
860000006-4;TEAM FOODS COLOMBIA SA        ;40505;247.500,00
860000006-4;TEAM FOODS COLOMBIA SA        ;40507;346.500,00
860000006-4;TEAM FOODS COLOMBIA SA        ;40508;198.000,00
860000006-4;TEAM FOODS COLOMBIA SA        ;40576;4.342.140,00
860000006-4;TEAM FOODS COLOMBIA SA        ;40606;18.843.904,00
860000006-4;TEAM FOODS COLOMBIA SA        ;40628;3.872.622,00
860000006-4;TEAM FOODS COLOMBIA SA        ;40634;6.593.400,00
860000006-4;TEAM FOODS COLOMBIA SA        ;40635;2.486.880,00
860000006-4;TEAM FOODS COLOMBIA SA        ;40650;4.342.140,00
860000006-4;TEAM FOODS COLOMBIA SA        ;40651;4.342.140,00
860000006-4;TEAM FOODS COLOMBIA SA        ;40652;4.342.140,00
860000006-4;TEAM FOODS COLOMBIA SA        ;40676;3.736.829,00
860000006-4;TEAM FOODS COLOMBIA SA        ;40677;12.648.706,00
860000006-4;TEAM FOODS COLOMBIA SA        ;40678;2.851.200,00
860000006-4;TEAM FOODS COLOMBIA SA        ;40679;198.000,00
860000006-4;TEAM FOODS COLOMBIA SA        ;40680;227.700,00
860000006-4;TEAM FOODS COLOMBIA SA        ;40681;346.500,00
860000006-4;TEAM FOODS COLOMBIA SA        ;40682;1.287.000,00
860000006-4;TEAM FOODS COLOMBIA SA        ;40684;386.100,00
860000006-4;TEAM FOODS COLOMBIA SA        ;40687;2.568.060,00
860000006-4;TEAM FOODS COLOMBIA SA        ;40688;198.000,00
860000006-4;TEAM FOODS COLOMBIA SA        ;40689;247.500,00
860000006-4;TEAM FOODS COLOMBIA SA        ;40690;554.400,00
860000006-4;TEAM FOODS COLOMBIA SA        ;40691;198.000,00
860000006-4;TEAM FOODS COLOMBIA SA        ;40699;154.397,00
860000006-4;TEAM FOODS COLOMBIA SA        ;40704;12.210.703,00
860000006-4;TEAM FOODS COLOMBIA SA        ;40707;4.294.620,00
860000006-4;TEAM FOODS COLOMBIA SA        ;40712;524.700,00
860000006-4;TEAM FOODS COLOMBIA SA        ;40715;297.000,00
860000006-4;TEAM FOODS COLOMBIA SA        ;40717;3.091.832,00
860000006-4;TEAM FOODS COLOMBIA SA        ;40719;1.101.028,00
860000006-4;TEAM FOODS COLOMBIA SA        ;40720;5.669.730,00
860000006-4;TEAM FOODS COLOMBIA SA        ;40721;89.847.891,00
900861266-0;TOP DRIVE SAS                 ;39704;485.100,00
890805453-8;TOPTEC S.A. Y MANILIT S.A.    ;40488;1.336.500,00
890805453-8;TOPTEC S.A. Y MANILIT S.A.    ;40489;1.980.000,00
901781501-7;UNION TEMPORAL MOTOLT         ;39643;13.365.000,00
901781501-7;UNION TEMPORAL MOTOLT         ;37735;31.977.000,00
901210625-2;UNIVAR SOLUTIONS COLOMBIA S.A.;40456;1.687.950,00
901210625-2;UNIVAR SOLUTIONS COLOMBIA S.A.;40559;5.148.000,00
901478635-7;UT MASSY- MOTO                ;39629;291.615.821,00
901478635-7;UT MASSY- MOTO                ;39636;869.409,00
901478635-7;UT MASSY- MOTO                ;39729;29.026.496,00
901478635-7;UT MASSY- MOTO                ;40070;31.986.583,00
901478635-7;UT MASSY- MOTO                ;40245;13.939.200,00
901478635-7;UT MASSY- MOTO                ;40332;505.650.206,00
901478635-7;UT MASSY- MOTO                ;40339;151.921,00
900882425-5;WORLD INTER CARGA SAS         ;39907;3.158.100,00
900882425-5;WORLD INTER CARGA SAS         ;40311;5.148.000,00
