890900115-1;A LAUMAYER Y COMPAÑIA EXPORTAD;43833;4847040
890900115-1;A LAUMAYER Y COMPAÑIA EXPORTAD;43855;4847040
890900115-1;A LAUMAYER Y COMPAÑIA EXPORTAD;43856;4847040
890900115-1;A LAUMAYER Y COMPAÑIA EXPORTAD;43857;4072860
890900115-1;A LAUMAYER Y COMPAÑIA EXPORTAD;44024;4847040
890900115-1;A LAUMAYER Y COMPAÑIA EXPORTAD;44025;4072860
901380930-2;AIR- E S.A.S. E.S.P.          ;42384;32670000
901380930-2;AIR- E S.A.S. E.S.P.          ;42403;15651158
901380930-2;AIR- E S.A.S. E.S.P.          ;43073;9568350
901380930-2;AIR- E S.A.S. E.S.P.          ;43074;32670000
800149149-1;ALIMENTOS BALANCEADOS TEQUENDA;44015;116846539
800149149-1;ALIMENTOS BALANCEADOS TEQUENDA;44116;582615
800149149-1;ALIMENTOS BALANCEADOS TEQUENDA;44119;4960872
800149149-1;ALIMENTOS BALANCEADOS TEQUENDA;44120;10770658
800149149-1;ALIMENTOS BALANCEADOS TEQUENDA;44121;14817624
800149149-1;ALIMENTOS BALANCEADOS TEQUENDA;44135;81252148
800149149-1;ALIMENTOS BALANCEADOS TEQUENDA;44222;2033856
800149149-1;ALIMENTOS BALANCEADOS TEQUENDA;44230;10726551
800149149-1;ALIMENTOS BALANCEADOS TEQUENDA;44231;91123012
800149149-1;ALIMENTOS BALANCEADOS TEQUENDA;44232;19925317
800149149-1;ALIMENTOS BALANCEADOS TEQUENDA;44316;5574096
800149149-1;ALIMENTOS BALANCEADOS TEQUENDA;44317;10779120
800149149-1;ALIMENTOS BALANCEADOS TEQUENDA;44318;4880154
800149149-1;ALIMENTOS BALANCEADOS TEQUENDA;44323;66163545
830006735-3;ALIMENTOS POLAR COLOMBIA SAS  ;42229;474880
830006735-3;ALIMENTOS POLAR COLOMBIA SAS  ;42711;112402
830006735-3;ALIMENTOS POLAR COLOMBIA SAS  ;43132;2079000
830006735-3;ALIMENTOS POLAR COLOMBIA SAS  ;43147;1039500
830006735-3;ALIMENTOS POLAR COLOMBIA SAS  ;43148;6006586
830006735-3;ALIMENTOS POLAR COLOMBIA SAS  ;43158;7784910
830006735-3;ALIMENTOS POLAR COLOMBIA SAS  ;43161;73687099
830006735-3;ALIMENTOS POLAR COLOMBIA SAS  ;43188;1039500
830006735-3;ALIMENTOS POLAR COLOMBIA SAS  ;43213;116330863
830006735-3;ALIMENTOS POLAR COLOMBIA SAS  ;43258;1742400
830006735-3;ALIMENTOS POLAR COLOMBIA SAS  ;43259;693000
830006735-3;ALIMENTOS POLAR COLOMBIA SAS  ;43283;792000
830006735-3;ALIMENTOS POLAR COLOMBIA SAS  ;43284;950400
830006735-3;ALIMENTOS POLAR COLOMBIA SAS  ;43287;2633400
830006735-3;ALIMENTOS POLAR COLOMBIA SAS  ;43290;3445596
830006735-3;ALIMENTOS POLAR COLOMBIA SAS  ;43292;2079000
830006735-3;ALIMENTOS POLAR COLOMBIA SAS  ;43313;6414210
830006735-3;ALIMENTOS POLAR COLOMBIA SAS  ;43314;113488913
830006735-3;ALIMENTOS POLAR COLOMBIA SAS  ;43316;2529936
830006735-3;ALIMENTOS POLAR COLOMBIA SAS  ;43329;1742400
830006735-3;ALIMENTOS POLAR COLOMBIA SAS  ;43335;300960
830006735-3;ALIMENTOS POLAR COLOMBIA SAS  ;43360;258390
830006735-3;ALIMENTOS POLAR COLOMBIA SAS  ;43361;43136072
830006735-3;ALIMENTOS POLAR COLOMBIA SAS  ;43386;5723190
830006735-3;ALIMENTOS POLAR COLOMBIA SAS  ;43393;2896740
830006735-3;ALIMENTOS POLAR COLOMBIA SAS  ;43411;31081882
830006735-3;ALIMENTOS POLAR COLOMBIA SAS  ;43412;20651812
830006735-3;ALIMENTOS POLAR COLOMBIA SAS  ;43482;92102044
830006735-3;ALIMENTOS POLAR COLOMBIA SAS  ;43489;20246386
830006735-3;ALIMENTOS POLAR COLOMBIA SAS  ;43492;5750147
830006735-3;ALIMENTOS POLAR COLOMBIA SAS  ;43496;96717114
830006735-3;ALIMENTOS POLAR COLOMBIA SAS  ;43554;1729728
830006735-3;ALIMENTOS POLAR COLOMBIA SAS  ;43578;1039500
830006735-3;ALIMENTOS POLAR COLOMBIA SAS  ;43617;1910700
830006735-3;ALIMENTOS POLAR COLOMBIA SAS  ;43627;131723346
830006735-3;ALIMENTOS POLAR COLOMBIA SAS  ;43628;5544138
830006735-3;ALIMENTOS POLAR COLOMBIA SAS  ;43630;2274311
830006735-3;ALIMENTOS POLAR COLOMBIA SAS  ;43682;147323493
830006735-3;ALIMENTOS POLAR COLOMBIA SAS  ;43693;10332749
830006735-3;ALIMENTOS POLAR COLOMBIA SAS  ;43697;237600
830006735-3;ALIMENTOS POLAR COLOMBIA SAS  ;43734;792000
830006735-3;ALIMENTOS POLAR COLOMBIA SAS  ;43736;2015541
830006735-3;ALIMENTOS POLAR COLOMBIA SAS  ;43738;1316700
830006735-3;ALIMENTOS POLAR COLOMBIA SAS  ;43739;455400
830006735-3;ALIMENTOS POLAR COLOMBIA SAS  ;43747;1742400
830006735-3;ALIMENTOS POLAR COLOMBIA SAS  ;43801;792000
830006735-3;ALIMENTOS POLAR COLOMBIA SAS  ;43823;49569226
830006735-3;ALIMENTOS POLAR COLOMBIA SAS  ;43834;2048348
830006735-3;ALIMENTOS POLAR COLOMBIA SAS  ;43835;4582710
830006735-3;ALIMENTOS POLAR COLOMBIA SAS  ;43975;74191938
830006735-3;ALIMENTOS POLAR COLOMBIA SAS  ;44030;72202437
830006735-3;ALIMENTOS POLAR COLOMBIA SAS  ;44061;1742400
830006735-3;ALIMENTOS POLAR COLOMBIA SAS  ;44082;396000
830006735-3;ALIMENTOS POLAR COLOMBIA SAS  ;44084;475200
830006735-3;ALIMENTOS POLAR COLOMBIA SAS  ;44106;1980000
830006735-3;ALIMENTOS POLAR COLOMBIA SAS  ;44111;13143240
830006735-3;ALIMENTOS POLAR COLOMBIA SAS  ;44174;1224200
830006735-3;ALIMENTOS POLAR COLOMBIA SAS  ;44213;66281326
830006735-3;ALIMENTOS POLAR COLOMBIA SAS  ;44223;1316700
830006735-3;ALIMENTOS POLAR COLOMBIA SAS  ;44225;1806255
830006735-3;ALIMENTOS POLAR COLOMBIA SAS  ;44226;891000
830006735-3;ALIMENTOS POLAR COLOMBIA SAS  ;44227;1430055
830006735-3;ALIMENTOS POLAR COLOMBIA SAS  ;44228;396000
830006735-3;ALIMENTOS POLAR COLOMBIA SAS  ;44229;475200
830006735-3;ALIMENTOS POLAR COLOMBIA SAS  ;44303;36907786
830006735-3;ALIMENTOS POLAR COLOMBIA SAS  ;44307;28064999
890914526-4;ALMACENES FLAMINGO S A        ;15839;1730393
890914526-4;ALMACENES FLAMINGO S A        ;32293;486655
890914526-4;ALMACENES FLAMINGO S A        ;33073;3020961
890914526-4;ALMACENES FLAMINGO S A        ;33150;1238539
890914526-4;ALMACENES FLAMINGO S A        ;33189;4073801
890914526-4;ALMACENES FLAMINGO S A        ;33192;133836
890914526-4;ALMACENES FLAMINGO S A        ;33193;401879
890914526-4;ALMACENES FLAMINGO S A        ;33194;401879
890914526-4;ALMACENES FLAMINGO S A        ;33195;401879
890914526-4;ALMACENES FLAMINGO S A        ;33196;998944
890914526-4;ALMACENES FLAMINGO S A        ;33268;454243
890914526-4;ALMACENES FLAMINGO S A        ;33275;803757
890914526-4;ALMACENES FLAMINGO S A        ;33276;803757
890914526-4;ALMACENES FLAMINGO S A        ;33278;1205636
890914526-4;ALMACENES FLAMINGO S A        ;33279;1205636
890914526-4;ALMACENES FLAMINGO S A        ;33280;1366325
890914526-4;ALMACENES FLAMINGO S A        ;33281;1607514
890914526-4;ALMACENES FLAMINGO S A        ;33282;401879
890914526-4;ALMACENES FLAMINGO S A        ;33283;401879
890914526-4;ALMACENES FLAMINGO S A        ;33284;401879
890914526-4;ALMACENES FLAMINGO S A        ;33285;37777
890914526-4;ALMACENES FLAMINGO S A        ;33462;2639421
890914526-4;ALMACENES FLAMINGO S A        ;33463;1205636
890914526-4;ALMACENES FLAMINGO S A        ;33464;1205636
890914526-4;ALMACENES FLAMINGO S A        ;33465;803757
890914526-4;ALMACENES FLAMINGO S A        ;33466;803757
890914526-4;ALMACENES FLAMINGO S A        ;33467;401879
890914526-4;ALMACENES FLAMINGO S A        ;33468;401879
890914526-4;ALMACENES FLAMINGO S A        ;33469;401879
890914526-4;ALMACENES FLAMINGO S A        ;33470;1366325
890914526-4;ALMACENES FLAMINGO S A        ;33471;401879
890914526-4;ALMACENES FLAMINGO S A        ;33472;401879
890914526-4;ALMACENES FLAMINGO S A        ;33473;75555
890914526-4;ALMACENES FLAMINGO S A        ;33600;2689495
890914526-4;ALMACENES FLAMINGO S A        ;33601;401879
890914526-4;ALMACENES FLAMINGO S A        ;33602;401879
890914526-4;ALMACENES FLAMINGO S A        ;33603;401879
890914526-4;ALMACENES FLAMINGO S A        ;33604;803757
890914526-4;ALMACENES FLAMINGO S A        ;33873;3480212
890914526-4;ALMACENES FLAMINGO S A        ;33874;803757
890914526-4;ALMACENES FLAMINGO S A        ;33876;803757
890914526-4;ALMACENES FLAMINGO S A        ;33877;401879
890914526-4;ALMACENES FLAMINGO S A        ;33878;401879
890914526-4;ALMACENES FLAMINGO S A        ;33879;1366325
890914526-4;ALMACENES FLAMINGO S A        ;33880;803757
890914526-4;ALMACENES FLAMINGO S A        ;33881;401879
890914526-4;ALMACENES FLAMINGO S A        ;33882;803757
890914526-4;ALMACENES FLAMINGO S A        ;33883;401879
890914526-4;ALMACENES FLAMINGO S A        ;33884;803757
890914526-4;ALMACENES FLAMINGO S A        ;33885;151110
890914526-4;ALMACENES FLAMINGO S A        ;33988;2231667
890914526-4;ALMACENES FLAMINGO S A        ;33989;803757
890914526-4;ALMACENES FLAMINGO S A        ;33990;803757
890914526-4;ALMACENES FLAMINGO S A        ;33991;803757
890914526-4;ALMACENES FLAMINGO S A        ;33992;803757
890914526-4;ALMACENES FLAMINGO S A        ;33993;401879
890914526-4;ALMACENES FLAMINGO S A        ;33994;401879
890914526-4;ALMACENES FLAMINGO S A        ;33995;401879
890914526-4;ALMACENES FLAMINGO S A        ;33996;1366325
890914526-4;ALMACENES FLAMINGO S A        ;33997;2411272
890914526-4;ALMACENES FLAMINGO S A        ;33998;504888
890914526-4;ALMACENES FLAMINGO S A        ;33999;75555
890914526-4;ALMACENES FLAMINGO S A        ;34339;3752559
890914526-4;ALMACENES FLAMINGO S A        ;34340;401879
890914526-4;ALMACENES FLAMINGO S A        ;34341;401879
890914526-4;ALMACENES FLAMINGO S A        ;34342;401879
890914526-4;ALMACENES FLAMINGO S A        ;34343;401879
890914526-4;ALMACENES FLAMINGO S A        ;34344;1366325
890914526-4;ALMACENES FLAMINGO S A        ;34345;1205636
890914526-4;ALMACENES FLAMINGO S A        ;34346;1205636
890914526-4;ALMACENES FLAMINGO S A        ;34347;401879
890914526-4;ALMACENES FLAMINGO S A        ;34348;401879
890914526-4;ALMACENES FLAMINGO S A        ;34349;803757
890914526-4;ALMACENES FLAMINGO S A        ;34350;803757
890914526-4;ALMACENES FLAMINGO S A        ;34351;803757
890914526-4;ALMACENES FLAMINGO S A        ;34352;401879
890914526-4;ALMACENES FLAMINGO S A        ;34353;1792997
890914526-4;ALMACENES FLAMINGO S A        ;34463;401879
890914526-4;ALMACENES FLAMINGO S A        ;34464;401879
890914526-4;ALMACENES FLAMINGO S A        ;34465;401879
890914526-4;ALMACENES FLAMINGO S A        ;34466;401879
890914526-4;ALMACENES FLAMINGO S A        ;34467;401879
890914526-4;ALMACENES FLAMINGO S A        ;34468;2732649
890914526-4;ALMACENES FLAMINGO S A        ;34469;803757
890914526-4;ALMACENES FLAMINGO S A        ;34470;803757
890914526-4;ALMACENES FLAMINGO S A        ;34471;803757
890914526-4;ALMACENES FLAMINGO S A        ;34618;2633545
890914526-4;ALMACENES FLAMINGO S A        ;34619;803757
890914526-4;ALMACENES FLAMINGO S A        ;34620;803757
890914526-4;ALMACENES FLAMINGO S A        ;34621;803757
890914526-4;ALMACENES FLAMINGO S A        ;34622;803757
890914526-4;ALMACENES FLAMINGO S A        ;34623;401879
890914526-4;ALMACENES FLAMINGO S A        ;34624;401879
890914526-4;ALMACENES FLAMINGO S A        ;34625;1366325
890914526-4;ALMACENES FLAMINGO S A        ;34626;401879
890914526-4;ALMACENES FLAMINGO S A        ;34627;401879
890914526-4;ALMACENES FLAMINGO S A        ;34628;401879
890914526-4;ALMACENES FLAMINGO S A        ;34676;1762083
890914526-4;ALMACENES FLAMINGO S A        ;34678;803757
890914526-4;ALMACENES FLAMINGO S A        ;34679;803757
890914526-4;ALMACENES FLAMINGO S A        ;34680;803757
890914526-4;ALMACENES FLAMINGO S A        ;34681;401879
890914526-4;ALMACENES FLAMINGO S A        ;34682;2732649
890914526-4;ALMACENES FLAMINGO S A        ;34683;401879
890914526-4;ALMACENES FLAMINGO S A        ;34684;401879
890914526-4;ALMACENES FLAMINGO S A        ;34685;803757
890914526-4;ALMACENES FLAMINGO S A        ;34953;1792997
890914526-4;ALMACENES FLAMINGO S A        ;34954;401879
890914526-4;ALMACENES FLAMINGO S A        ;34955;401879
890914526-4;ALMACENES FLAMINGO S A        ;34956;1366325
890914526-4;ALMACENES FLAMINGO S A        ;34957;803757
890914526-4;ALMACENES FLAMINGO S A        ;34958;1205636
890914526-4;ALMACENES FLAMINGO S A        ;34959;539894
890914526-4;ALMACENES FLAMINGO S A        ;34960;302879
890914526-4;ALMACENES FLAMINGO S A        ;35078;1823911
890914526-4;ALMACENES FLAMINGO S A        ;35079;401879
890914526-4;ALMACENES FLAMINGO S A        ;35081;401879
890914526-4;ALMACENES FLAMINGO S A        ;35082;803757
890914526-4;ALMACENES FLAMINGO S A        ;35083;803757
890914526-4;ALMACENES FLAMINGO S A        ;35084;401879
890914526-4;ALMACENES FLAMINGO S A        ;35085;2732649
890914526-4;ALMACENES FLAMINGO S A        ;35086;803757
890914526-4;ALMACENES FLAMINGO S A        ;35087;401879
890914526-4;ALMACENES FLAMINGO S A        ;35088;401879
890914526-4;ALMACENES FLAMINGO S A        ;35089;401879
890914526-4;ALMACENES FLAMINGO S A        ;35090;401879
890914526-4;ALMACENES FLAMINGO S A        ;35286;1957834
890914526-4;ALMACENES FLAMINGO S A        ;35287;401879
890914526-4;ALMACENES FLAMINGO S A        ;35396;1613391
890914526-4;ALMACENES FLAMINGO S A        ;35402;2732649
890914526-4;ALMACENES FLAMINGO S A        ;35407;1724744
890914526-4;ALMACENES FLAMINGO S A        ;35408;1724744
890914526-4;ALMACENES FLAMINGO S A        ;35624;1799117
890914526-4;ALMACENES FLAMINGO S A        ;35791;1496077
890914526-4;ALMACENES FLAMINGO S A        ;35985;2546924
890914526-4;ALMACENES FLAMINGO S A        ;38162;2078837
890914526-4;ALMACENES FLAMINGO S A        ;38555;938193
890914526-4;ALMACENES FLAMINGO S A        ;42676;11643567
890914526-4;ALMACENES FLAMINGO S A        ;43010;1574088
890914526-4;ALMACENES FLAMINGO S A        ;43011;1477097
890914526-4;ALMACENES FLAMINGO S A        ;37315;1391607
900078003-2;AMCOR HOLDINGS AUSTRALIA PTY L;42910;8141760
900078003-2;AMCOR HOLDINGS AUSTRALIA PTY L;42911;108900
900078003-2;AMCOR HOLDINGS AUSTRALIA PTY L;42912;8323920
900078003-2;AMCOR HOLDINGS AUSTRALIA PTY L;42917;1789920
900078003-2;AMCOR HOLDINGS AUSTRALIA PTY L;42918;1789920
900078003-2;AMCOR HOLDINGS AUSTRALIA PTY L;42919;9603000
900078003-2;AMCOR HOLDINGS AUSTRALIA PTY L;43245;7874460
900078003-2;AMCOR HOLDINGS AUSTRALIA PTY L;43247;8719920
900078003-2;AMCOR HOLDINGS AUSTRALIA PTY L;43619;6343920
900078003-2;AMCOR HOLDINGS AUSTRALIA PTY L;43687;26156790
900078003-2;AMCOR HOLDINGS AUSTRALIA PTY L;43688;1584198
900078003-2;AMCOR HOLDINGS AUSTRALIA PTY L;43804;1485000
900078003-2;AMCOR HOLDINGS AUSTRALIA PTY L;43805;9610920
900078003-2;AMCOR HOLDINGS AUSTRALIA PTY L;44003;10501920
800041723-4;AMCOR RIGID PACKAGING DE COLOM;32454;18083388
800041723-4;AMCOR RIGID PACKAGING DE COLOM;42756;21285000
800041723-4;AMCOR RIGID PACKAGING DE COLOM;42757;19740600
800041723-4;AMCOR RIGID PACKAGING DE COLOM;42758;13582800
800041723-4;AMCOR RIGID PACKAGING DE COLOM;42780;17829900
800041723-4;AMCOR RIGID PACKAGING DE COLOM;42782;18988200
800041723-4;AMCOR RIGID PACKAGING DE COLOM;42783;12969000
800041723-4;AMCOR RIGID PACKAGING DE COLOM;42784;10444500
800041723-4;AMCOR RIGID PACKAGING DE COLOM;42898;594000
800041723-4;AMCOR RIGID PACKAGING DE COLOM;42899;2772000
800041723-4;AMCOR RIGID PACKAGING DE COLOM;42900;9801000
800041723-4;AMCOR RIGID PACKAGING DE COLOM;42906;2920500
800041723-4;AMCOR RIGID PACKAGING DE COLOM;43057;13117500
800041723-4;AMCOR RIGID PACKAGING DE COLOM;43059;20225700
800041723-4;AMCOR RIGID PACKAGING DE COLOM;43060;25116300
800041723-4;AMCOR RIGID PACKAGING DE COLOM;43061;23265000
800041723-4;AMCOR RIGID PACKAGING DE COLOM;43112;3217500
800041723-4;AMCOR RIGID PACKAGING DE COLOM;43146;7920000
800041723-4;AMCOR RIGID PACKAGING DE COLOM;43165;13295700
800041723-4;AMCOR RIGID PACKAGING DE COLOM;43166;2871000
800041723-4;AMCOR RIGID PACKAGING DE COLOM;43167;940500
800041723-4;AMCOR RIGID PACKAGING DE COLOM;43168;6138000
800041723-4;AMCOR RIGID PACKAGING DE COLOM;43169;4059000
800041723-4;AMCOR RIGID PACKAGING DE COLOM;43174;15246000
800041723-4;AMCOR RIGID PACKAGING DE COLOM;43175;19057500
800041723-4;AMCOR RIGID PACKAGING DE COLOM;43176;15939000
800041723-4;AMCOR RIGID PACKAGING DE COLOM;43198;9607950
800041723-4;AMCOR RIGID PACKAGING DE COLOM;43249;1782000
800041723-4;AMCOR RIGID PACKAGING DE COLOM;43297;20453400
800041723-4;AMCOR RIGID PACKAGING DE COLOM;43298;22849200
800041723-4;AMCOR RIGID PACKAGING DE COLOM;43299;2920500
800041723-4;AMCOR RIGID PACKAGING DE COLOM;43473;11286000
800041723-4;AMCOR RIGID PACKAGING DE COLOM;43474;27918000
800041723-4;AMCOR RIGID PACKAGING DE COLOM;43475;23730300
800041723-4;AMCOR RIGID PACKAGING DE COLOM;43476;18602100
800041723-4;AMCOR RIGID PACKAGING DE COLOM;43477;16681500
800041723-4;AMCOR RIGID PACKAGING DE COLOM;43483;6880500
800041723-4;AMCOR RIGID PACKAGING DE COLOM;43484;1584000
800041723-4;AMCOR RIGID PACKAGING DE COLOM;43516;1633500
800041723-4;AMCOR RIGID PACKAGING DE COLOM;43517;3465000
800041723-4;AMCOR RIGID PACKAGING DE COLOM;43545;6870600
800041723-4;AMCOR RIGID PACKAGING DE COLOM;43546;990000
800041723-4;AMCOR RIGID PACKAGING DE COLOM;43750;28710000
800041723-4;AMCOR RIGID PACKAGING DE COLOM;43755;2475000
800041723-4;AMCOR RIGID PACKAGING DE COLOM;43756;3861000
800041723-4;AMCOR RIGID PACKAGING DE COLOM;43859;3613500
800041723-4;AMCOR RIGID PACKAGING DE COLOM;43860;1386000
800041723-4;AMCOR RIGID PACKAGING DE COLOM;43861;15939000
800041723-4;AMCOR RIGID PACKAGING DE COLOM;43966;13810500
800041723-4;AMCOR RIGID PACKAGING DE COLOM;43967;15840000
800041723-4;AMCOR RIGID PACKAGING DE COLOM;43968;21314700
800041723-4;AMCOR RIGID PACKAGING DE COLOM;43970;16938900
800041723-4;AMCOR RIGID PACKAGING DE COLOM;43971;5791500
800041723-4;AMCOR RIGID PACKAGING DE COLOM;43983;32630400
800041723-4;AMCOR RIGID PACKAGING DE COLOM;43984;21849300
800041723-4;AMCOR RIGID PACKAGING DE COLOM;43985;20186100
800041723-4;AMCOR RIGID PACKAGING DE COLOM;43986;2574000
800041723-4;AMCOR RIGID PACKAGING DE COLOM;43987;3168000
800041723-4;AMCOR RIGID PACKAGING DE COLOM;43988;3663000
800041723-4;AMCOR RIGID PACKAGING DE COLOM;43989;6633000
800041723-4;AMCOR RIGID PACKAGING DE COLOM;43990;940500
800041723-4;AMCOR RIGID PACKAGING DE COLOM;44011;21621600
800041723-4;AMCOR RIGID PACKAGING DE COLOM;44020;1782000
800041723-4;AMCOR RIGID PACKAGING DE COLOM;44021;2376000
901856164-1;BOOST MARKET S.A.S            ;43867;6197400
830043084-4;C I CARBOCOQUE S A            ;42412;5351346
830043084-4;C I CARBOCOQUE S A            ;42413;5292490
830043084-4;C I CARBOCOQUE S A            ;42414;5372284
830043084-4;C I CARBOCOQUE S A            ;42415;5298628
830043084-4;C I CARBOCOQUE S A            ;42416;5238783
830043084-4;C I CARBOCOQUE S A            ;42456;5651910
830043084-4;C I CARBOCOQUE S A            ;42457;5777690
830043084-4;C I CARBOCOQUE S A            ;42458;5713983
830043084-4;C I CARBOCOQUE S A            ;42459;5632308
830043084-4;C I CARBOCOQUE S A            ;42746;5940742
830043084-4;C I CARBOCOQUE S A            ;42747;4999995
830043084-4;C I CARBOCOQUE S A            ;42748;5860998
830043084-4;C I CARBOCOQUE S A            ;42749;5710716
830043084-4;C I CARBOCOQUE S A            ;42750;5635575
830043084-4;C I CARBOCOQUE S A            ;42752;5682946
830043084-4;C I CARBOCOQUE S A            ;42753;6055088
830043084-4;C I CARBOCOQUE S A            ;42754;5923418
830043084-4;C I CARBOCOQUE S A            ;42755;5996430
830043084-4;C I CARBOCOQUE S A            ;42824;5590926
830043084-4;C I CARBOCOQUE S A            ;42825;6413913
830043084-4;C I CARBOCOQUE S A            ;42826;6269224
830043084-4;C I CARBOCOQUE S A            ;42827;6391935
830043084-4;C I CARBOCOQUE S A            ;42828;6347979
830043084-4;C I CARBOCOQUE S A            ;42829;6329664
830043084-4;C I CARBOCOQUE S A            ;42830;6468858
830043084-4;C I CARBOCOQUE S A            ;42831;6430396
830043084-4;C I CARBOCOQUE S A            ;42863;6039198
830043084-4;C I CARBOCOQUE S A            ;42949;6221605
830043084-4;C I CARBOCOQUE S A            ;42950;6503656
830043084-4;C I CARBOCOQUE S A            ;42951;6344316
830043084-4;C I CARBOCOQUE S A            ;42952;6340653
830043084-4;C I CARBOCOQUE S A            ;42953;6294866
830043084-4;C I CARBOCOQUE S A            ;42964;6463314
830043084-4;C I CARBOCOQUE S A            ;42981;6419408
830043084-4;C I CARBOCOQUE S A            ;42982;6363423
830043084-4;C I CARBOCOQUE S A            ;42983;6253038
830043084-4;C I CARBOCOQUE S A            ;42984;6291202
830043084-4;C I CARBOCOQUE S A            ;42985;6333327
830043084-4;C I CARBOCOQUE S A            ;42986;6355305
830043084-4;C I CARBOCOQUE S A            ;43224;6610032
830043084-4;C I CARBOCOQUE S A            ;43225;6654434
830043084-4;C I CARBOCOQUE S A            ;43226;6378471
830043084-4;C I CARBOCOQUE S A            ;43227;6076620
830043084-4;C I CARBOCOQUE S A            ;43293;6348375
830043084-4;C I CARBOCOQUE S A            ;43307;6611962
830043084-4;C I CARBOCOQUE S A            ;43330;6352137
830043084-4;C I CARBOCOQUE S A            ;43331;6602310
830043084-4;C I CARBOCOQUE S A            ;43339;6638990
830043084-4;C I CARBOCOQUE S A            ;43340;6774124
830043084-4;C I CARBOCOQUE S A            ;43341;6591024
830043084-4;C I CARBOCOQUE S A            ;43342;6604191
830043084-4;C I CARBOCOQUE S A            ;43343;6579144
830043084-4;C I CARBOCOQUE S A            ;43344;6446187
830043084-4;C I CARBOCOQUE S A            ;43345;6305656
830043084-4;C I CARBOCOQUE S A            ;43346;6666016
830043084-4;C I CARBOCOQUE S A            ;43347;6542118
830043084-4;C I CARBOCOQUE S A            ;43359;6269076
830043084-4;C I CARBOCOQUE S A            ;43469;6354018
830043084-4;C I CARBOCOQUE S A            ;43470;6451731
830043084-4;C I CARBOCOQUE S A            ;43511;6669878
830043084-4;C I CARBOCOQUE S A            ;43512;6342732
830043084-4;C I CARBOCOQUE S A            ;43704;6331446
830043084-4;C I CARBOCOQUE S A            ;43705;6549642
830043084-4;C I CARBOCOQUE S A            ;43706;6754820
830043084-4;C I CARBOCOQUE S A            ;43707;6483807
830043084-4;C I CARBOCOQUE S A            ;43708;6683391
830043084-4;C I CARBOCOQUE S A            ;43709;6855206
830043084-4;C I CARBOCOQUE S A            ;43710;6658294
830043084-4;C I CARBOCOQUE S A            ;43732;6389757
830043084-4;C I CARBOCOQUE S A            ;43733;6237396
830043084-4;C I CARBOCOQUE S A            ;43757;6743236
830043084-4;C I CARBOCOQUE S A            ;43758;6615824
830043084-4;C I CARBOCOQUE S A            ;43759;6621615
830043084-4;C I CARBOCOQUE S A            ;43760;6553404
830043084-4;C I CARBOCOQUE S A            ;43761;6589143
830043084-4;C I CARBOCOQUE S A            ;43762;6642850
830043084-4;C I CARBOCOQUE S A            ;44058;5594242
830043084-4;C I CARBOCOQUE S A            ;44069;6496330
830043084-4;C I CARBOCOQUE S A            ;44070;6588796
830043084-4;C I CARBOCOQUE S A            ;44122;6666016
830043084-4;C I CARBOCOQUE S A            ;44124;6463116
830043084-4;C I CARBOCOQUE S A            ;44125;6638049
830043084-4;C I CARBOCOQUE S A            ;44140;6716160
830043084-4;C I CARBOCOQUE S A            ;44141;6562809
830043084-4;C I CARBOCOQUE S A            ;44166;6416091
830043084-4;C I CARBOCOQUE S A            ;44167;6831000
830043084-4;C I CARBOCOQUE S A            ;44168;6609834
830043084-4;C I CARBOCOQUE S A            ;44169;6454206
830043084-4;C I CARBOCOQUE S A            ;44170;6349810
900291798-0;C.I. ADM COLOMBIA LTDA        ;43972;5445000
900901001-9;CALA COLOMBIA S.A.S.          ;43075;23140260
900901001-9;CALA COLOMBIA S.A.S.          ;43076;11682000
900901001-9;CALA COLOMBIA S.A.S.          ;43077;990000
900901001-9;CALA COLOMBIA S.A.S.          ;43178;3750120
900901001-9;CALA COLOMBIA S.A.S.          ;43261;3019500
900901001-9;CALA COLOMBIA S.A.S.          ;43272;2866050
900901001-9;CALA COLOMBIA S.A.S.          ;43430;15627150
900901001-9;CALA COLOMBIA S.A.S.          ;43431;3217500
900901001-9;CALA COLOMBIA S.A.S.          ;43680;22284900
900901001-9;CALA COLOMBIA S.A.S.          ;43681;7632900
900901001-9;CALA COLOMBIA S.A.S.          ;43703;3465000
900901001-9;CALA COLOMBIA S.A.S.          ;44057;10622700
900901001-9;CALA COLOMBIA S.A.S.          ;44214;3019500
901380949-1;CARIBEMAR DE LA COSTA SAS ESP ;43113;36428040
901380949-1;CARIBEMAR DE LA COSTA SAS ESP ;43128;18435780
901380949-1;CARIBEMAR DE LA COSTA SAS ESP ;43129;12464001
901380949-1;CARIBEMAR DE LA COSTA SAS ESP ;43130;38313000
901380949-1;CARIBEMAR DE LA COSTA SAS ESP ;43131;24224904
901380949-1;CARIBEMAR DE LA COSTA SAS ESP ;43812;34300728
901380949-1;CARIBEMAR DE LA COSTA SAS ESP ;43813;13705457
901380949-1;CARIBEMAR DE LA COSTA SAS ESP ;43814;26782874
901380949-1;CARIBEMAR DE LA COSTA SAS ESP ;43815;19955470
901380949-1;CARIBEMAR DE LA COSTA SAS ESP ;43847;33275999
901380949-1;CARIBEMAR DE LA COSTA SAS ESP ;43851;26149823
901380949-1;CARIBEMAR DE LA COSTA SAS ESP ;43852;33458333
901380949-1;CARIBEMAR DE LA COSTA SAS ESP ;43853;9358812
901380949-1;CARIBEMAR DE LA COSTA SAS ESP ;44050;9943560
860030808-2;CHAMPIONX DE COLOMBIA LTDA    ;44018;868500
900971770-3;CIVILCAS CONSTRUCCIONES SAS   ;43527;14256000
890301884-5;COLOMBINA S A                 ;43109;138600
890301884-5;COLOMBINA S A                 ;43327;4127310
890301884-5;COLOMBINA S A                 ;43328;940500
890301884-5;COLOMBINA S A                 ;43485;2970000
890301884-5;COLOMBINA S A                 ;43486;3861000
890301884-5;COLOMBINA S A                 ;43487;3861000
890301884-5;COLOMBINA S A                 ;43488;5445000
890301884-5;COLOMBINA S A                 ;43490;1432380
890301884-5;COLOMBINA S A                 ;43491;70686
890301884-5;COLOMBINA S A                 ;43493;70686
890301884-5;COLOMBINA S A                 ;43494;716190
890301884-5;COLOMBINA S A                 ;43495;111920
890301884-5;COLOMBINA S A                 ;43535;3861000
890301884-5;COLOMBINA S A                 ;43543;5445000
890301884-5;COLOMBINA S A                 ;43544;3861000
890301884-5;COLOMBINA S A                 ;43547;1683000
890301884-5;COLOMBINA S A                 ;43672;5445000
890301884-5;COLOMBINA S A                 ;43720;1683000
890301884-5;COLOMBINA S A                 ;43721;4059000
811036030-9;COMPANIA NACIONAL DE CHOCOLATE;43507;8474400
811036030-9;COMPANIA NACIONAL DE CHOCOLATE;43508;20196000
811036030-9;COMPANIA NACIONAL DE CHOCOLATE;43509;20196000
811036030-9;COMPANIA NACIONAL DE CHOCOLATE;43816;8474400
811036030-9;COMPANIA NACIONAL DE CHOCOLATE;43844;8474400
811036030-9;COMPANIA NACIONAL DE CHOCOLATE;44055;8474400
811036030-9;COMPANIA NACIONAL DE CHOCOLATE;44081;8474400
901688220-5;CONSORCIO ITC INGENIERIA      ;42859;2278732
901688220-5;CONSORCIO ITC INGENIERIA      ;42920;1741786
901688220-5;CONSORCIO ITC INGENIERIA      ;43054;708374
901688220-5;CONSORCIO ITC INGENIERIA      ;43949;19029676
901688220-5;CONSORCIO ITC INGENIERIA      ;43950;708374
901688220-5;CONSORCIO ITC INGENIERIA      ;44004;9015584
890904478-6;COOPERATIVA COLANTA LTDA      ;40164;330308
890904478-6;COOPERATIVA COLANTA LTDA      ;43427;30260531
890904478-6;COOPERATIVA COLANTA LTDA      ;43428;28953650
890904478-6;COOPERATIVA COLANTA LTDA      ;43433;30313527
890904478-6;COOPERATIVA COLANTA LTDA      ;43434;7630994
890904478-6;COOPERATIVA COLANTA LTDA      ;43441;4518797
890904478-6;COOPERATIVA COLANTA LTDA      ;43448;27991242
890904478-6;COOPERATIVA COLANTA LTDA      ;43449;20542511
890904478-6;COOPERATIVA COLANTA LTDA      ;43479;5828099
890904478-6;COOPERATIVA COLANTA LTDA      ;43570;8670361
890904478-6;COOPERATIVA COLANTA LTDA      ;43571;11328773
890904478-6;COOPERATIVA COLANTA LTDA      ;43573;2068542
890904478-6;COOPERATIVA COLANTA LTDA      ;43580;23748284
890904478-6;COOPERATIVA COLANTA LTDA      ;43588;1667774
890904478-6;COOPERATIVA COLANTA LTDA      ;43589;1956555
890904478-6;COOPERATIVA COLANTA LTDA      ;43608;8807438
890904478-6;COOPERATIVA COLANTA LTDA      ;43620;27437162
890904478-6;COOPERATIVA COLANTA LTDA      ;43645;17007215
890904478-6;COOPERATIVA COLANTA LTDA      ;43646;8489552
890904478-6;COOPERATIVA COLANTA LTDA      ;43651;25812575
890904478-6;COOPERATIVA COLANTA LTDA      ;43698;7310639
890904478-6;COOPERATIVA COLANTA LTDA      ;43711;30006250
890904478-6;COOPERATIVA COLANTA LTDA      ;43716;30557623
890904478-6;COOPERATIVA COLANTA LTDA      ;43723;18231945
890904478-6;COOPERATIVA COLANTA LTDA      ;43788;3960544
890904478-6;COOPERATIVA COLANTA LTDA      ;43789;1711874
890904478-6;COOPERATIVA COLANTA LTDA      ;43793;23185988
890904478-6;COOPERATIVA COLANTA LTDA      ;43796;25683337
890904478-6;COOPERATIVA COLANTA LTDA      ;43798;29317073
890904478-6;COOPERATIVA COLANTA LTDA      ;43802;33580106
890904478-6;COOPERATIVA COLANTA LTDA      ;43803;6347644
890904478-6;COOPERATIVA COLANTA LTDA      ;43868;30638568
890904478-6;COOPERATIVA COLANTA LTDA      ;43873;31562998
890904478-6;COOPERATIVA COLANTA LTDA      ;43875;25146696
890904478-6;COOPERATIVA COLANTA LTDA      ;43884;385429
890904478-6;COOPERATIVA COLANTA LTDA      ;43909;313049
890904478-6;COOPERATIVA COLANTA LTDA      ;43954;4839489
890904478-6;COOPERATIVA COLANTA LTDA      ;43955;3940020
890904478-6;COOPERATIVA COLANTA LTDA      ;43965;30408798
890904478-6;COOPERATIVA COLANTA LTDA      ;43969;31073399
890904478-6;COOPERATIVA COLANTA LTDA      ;43974;31252290
890904478-6;COOPERATIVA COLANTA LTDA      ;43976;22745432
890904478-6;COOPERATIVA COLANTA LTDA      ;44031;2839221
890904478-6;COOPERATIVA COLANTA LTDA      ;44034;8713497
890904478-6;COOPERATIVA COLANTA LTDA      ;44036;5678442
890904478-6;COOPERATIVA COLANTA LTDA      ;44037;2103312
890904478-6;COOPERATIVA COLANTA LTDA      ;44038;8517663
890904478-6;COOPERATIVA COLANTA LTDA      ;44040;2839221
890904478-6;COOPERATIVA COLANTA LTDA      ;44041;17337997
890904478-6;COOPERATIVA COLANTA LTDA      ;44105;2574000
890904478-6;COOPERATIVA COLANTA LTDA      ;44130;5038331
890904478-6;COOPERATIVA COLANTA LTDA      ;44132;20107119
890904478-6;COOPERATIVA COLANTA LTDA      ;44136;30058007
890904478-6;COOPERATIVA COLANTA LTDA      ;44137;612612
890904478-6;COOPERATIVA COLANTA LTDA      ;44142;30721223
890904478-6;COOPERATIVA COLANTA LTDA      ;44144;826228
890904478-6;COOPERATIVA COLANTA LTDA      ;44147;1288073
890904478-6;COOPERATIVA COLANTA LTDA      ;44201;4366787
890904478-6;COOPERATIVA COLANTA LTDA      ;44202;18177009
890904478-6;COOPERATIVA COLANTA LTDA      ;44203;31377022
890904478-6;COOPERATIVA COLANTA LTDA      ;44204;32787982
890904478-6;COOPERATIVA COLANTA LTDA      ;44205;31476972
890904478-6;COOPERATIVA COLANTA LTDA      ;44206;32044090
890904478-6;COOPERATIVA COLANTA LTDA      ;44207;6942068
890904478-6;COOPERATIVA COLANTA LTDA      ;44234;3643866
890904478-6;COOPERATIVA COLANTA LTDA      ;44236;31617355
890904478-6;COOPERATIVA COLANTA LTDA      ;44249;30284253
890904478-6;COOPERATIVA COLANTA LTDA      ;44287;7195749
890904478-6;COOPERATIVA COLANTA LTDA      ;44292;3976152
890904478-6;COOPERATIVA COLANTA LTDA      ;44302;29787117
890904478-6;COOPERATIVA COLANTA LTDA      ;44304;29742180
890904478-6;COOPERATIVA COLANTA LTDA      ;44306;30140901
800093455-8;CORPORACION CENTRO DE CIENCIA ;44152;4594200
800134371-5;CORTEACEROS SA                ;43892;6569222
800134371-5;CORTEACEROS SA                ;43893;5831354
800134371-5;CORTEACEROS SA                ;44032;2772000
800134371-5;CORTEACEROS SA                ;44033;1386000
800134371-5;CORTEACEROS SA                ;44073;6451507
800134371-5;CORTEACEROS SA                ;44076;5846399
800078122-8;DIAGNOSTIENTRO DIESEL LA MONT ;43567;841500
900260192-5;DISTRIBUIDORA BRAHMAN SAS     ;43644;10733976
890301163-3;DISTRIBUIDORA COLOMBINA LIMITA;43660;3861000
890301163-3;DISTRIBUIDORA COLOMBINA LIMITA;43817;2970000
890301163-3;DISTRIBUIDORA COLOMBINA LIMITA;44016;18612000
890301163-3;DISTRIBUIDORA COLOMBINA LIMITA;44064;2894902
890301163-3;DISTRIBUIDORA COLOMBINA LIMITA;44065;940500
890301163-3;DISTRIBUIDORA COLOMBINA LIMITA;44233;3274920
800114140-5;DISTRIBUIDORA DE COLORANTES Y ;43407;5049000
800114140-5;DISTRIBUIDORA DE COLORANTES Y ;43478;5643000
800114140-5;DISTRIBUIDORA DE COLORANTES Y ;43894;4059000
900160948-7;DOBLACERO S.A.S.              ;43776;7128000
900160948-7;DOBLACERO S.A.S.              ;43944;1485000
900160948-7;DOBLACERO S.A.S.              ;43952;3861000
900160948-7;DOBLACERO S.A.S.              ;43973;7227000
900160948-7;DOBLACERO S.A.S.              ;44046;7722000
900160948-7;DOBLACERO S.A.S.              ;44220;1584000
900933906-6;DYD LOGISTICA Y EMPAQUES SAS  ;49147;1584000
900933906-6;DYD LOGISTICA Y EMPAQUES SAS  ;49158;1584000
900502758-3;ECO - DESARROLLOS MINEROS S.A.;46113;2197000
900502758-3;ECO - DESARROLLOS MINEROS S.A.;46138;3465000
901211665-1;ECOTANQUES S.A.S              ;42954;1416747
890909001-1;EMPRESA DE DISTRIBUCIONES INDU;43289;712800
890909001-1;EMPRESA DE DISTRIBUCIONES INDU;43382;1124640
890909001-1;EMPRESA DE DISTRIBUCIONES INDU;43585;1124640
890909001-1;EMPRESA DE DISTRIBUCIONES INDU;43849;544500
890909001-1;EMPRESA DE DISTRIBUCIONES INDU;43850;712800
890909001-1;EMPRESA DE DISTRIBUCIONES INDU;43865;990000
890909001-1;EMPRESA DE DISTRIBUCIONES INDU;43866;598950
890909001-1;EMPRESA DE DISTRIBUCIONES INDU;43869;306900
890909001-1;EMPRESA DE DISTRIBUCIONES INDU;43870;306900
890909001-1;EMPRESA DE DISTRIBUCIONES INDU;43871;2165130
890909001-1;EMPRESA DE DISTRIBUCIONES INDU;43872;2165130
890909001-1;EMPRESA DE DISTRIBUCIONES INDU;43874;1929510
890909001-1;EMPRESA DE DISTRIBUCIONES INDU;43876;1222650
890909001-1;EMPRESA DE DISTRIBUCIONES INDU;43877;1811700
890909001-1;EMPRESA DE DISTRIBUCIONES INDU;43878;1929510
890909001-1;EMPRESA DE DISTRIBUCIONES INDU;43879;1124640
890909001-1;EMPRESA DE DISTRIBUCIONES INDU;43880;1124640
890909001-1;EMPRESA DE DISTRIBUCIONES INDU;43881;1124640
890909001-1;EMPRESA DE DISTRIBUCIONES INDU;43882;1124640
890909001-1;EMPRESA DE DISTRIBUCIONES INDU;43883;1340460
890909001-1;EMPRESA DE DISTRIBUCIONES INDU;43885;1272685
890909001-1;EMPRESA DE DISTRIBUCIONES INDU;43886;1386000
890909001-1;EMPRESA DE DISTRIBUCIONES INDU;43887;1124640
890909001-1;EMPRESA DE DISTRIBUCIONES INDU;43888;1929510
890909001-1;EMPRESA DE DISTRIBUCIONES INDU;43889;1929510
890909001-1;EMPRESA DE DISTRIBUCIONES INDU;43890;1929510
890909001-1;EMPRESA DE DISTRIBUCIONES INDU;43891;1124640
890909001-1;EMPRESA DE DISTRIBUCIONES INDU;43897;1124640
890909001-1;EMPRESA DE DISTRIBUCIONES INDU;43898;1124640
890909001-1;EMPRESA DE DISTRIBUCIONES INDU;43899;1124640
890909001-1;EMPRESA DE DISTRIBUCIONES INDU;43900;1124640
890909001-1;EMPRESA DE DISTRIBUCIONES INDU;43901;1929510
890909001-1;EMPRESA DE DISTRIBUCIONES INDU;43902;794264
890909001-1;EMPRESA DE DISTRIBUCIONES INDU;43903;1124640
890909001-1;EMPRESA DE DISTRIBUCIONES INDU;43904;1124640
890909001-1;EMPRESA DE DISTRIBUCIONES INDU;43905;1124640
890909001-1;EMPRESA DE DISTRIBUCIONES INDU;43906;1124640
890909001-1;EMPRESA DE DISTRIBUCIONES INDU;43907;1124640
890909001-1;EMPRESA DE DISTRIBUCIONES INDU;43908;1124640
890909001-1;EMPRESA DE DISTRIBUCIONES INDU;43910;1124640
890909001-1;EMPRESA DE DISTRIBUCIONES INDU;43911;495000
890909001-1;EMPRESA DE DISTRIBUCIONES INDU;43912;1124640
890909001-1;EMPRESA DE DISTRIBUCIONES INDU;43913;1124640
890909001-1;EMPRESA DE DISTRIBUCIONES INDU;43914;1124640
890909001-1;EMPRESA DE DISTRIBUCIONES INDU;43915;1124640
890909001-1;EMPRESA DE DISTRIBUCIONES INDU;43916;1124640
890909001-1;EMPRESA DE DISTRIBUCIONES INDU;43917;1576080
890909001-1;EMPRESA DE DISTRIBUCIONES INDU;43918;1470758
890909001-1;EMPRESA DE DISTRIBUCIONES INDU;43919;1124640
890909001-1;EMPRESA DE DISTRIBUCIONES INDU;43920;472561
890909001-1;EMPRESA DE DISTRIBUCIONES INDU;43921;306900
890909001-1;EMPRESA DE DISTRIBUCIONES INDU;43922;306900
890909001-1;EMPRESA DE DISTRIBUCIONES INDU;43923;306900
890909001-1;EMPRESA DE DISTRIBUCIONES INDU;43924;306900
890909001-1;EMPRESA DE DISTRIBUCIONES INDU;43925;306900
890909001-1;EMPRESA DE DISTRIBUCIONES INDU;43926;306900
890909001-1;EMPRESA DE DISTRIBUCIONES INDU;43927;306900
890909001-1;EMPRESA DE DISTRIBUCIONES INDU;43928;306900
890909001-1;EMPRESA DE DISTRIBUCIONES INDU;43929;1124640
890909001-1;EMPRESA DE DISTRIBUCIONES INDU;43930;585569
890909001-1;EMPRESA DE DISTRIBUCIONES INDU;43931;306900
890909001-1;EMPRESA DE DISTRIBUCIONES INDU;43932;1124640
890909001-1;EMPRESA DE DISTRIBUCIONES INDU;43933;1148202
890909001-1;EMPRESA DE DISTRIBUCIONES INDU;43934;1124640
890909001-1;EMPRESA DE DISTRIBUCIONES INDU;43935;1013216
890909001-1;EMPRESA DE DISTRIBUCIONES INDU;43936;1124640
890909001-1;EMPRESA DE DISTRIBUCIONES INDU;43937;1124640
890909001-1;EMPRESA DE DISTRIBUCIONES INDU;43938;806522
890909001-1;EMPRESA DE DISTRIBUCIONES INDU;43981;1124640
890909001-1;EMPRESA DE DISTRIBUCIONES INDU;44014;2158200
890909001-1;EMPRESA DE DISTRIBUCIONES INDU;44078;1287000
890909001-1;EMPRESA DE DISTRIBUCIONES INDU;44079;3811500
890909001-1;EMPRESA DE DISTRIBUCIONES INDU;44080;4455000
890909001-1;EMPRESA DE DISTRIBUCIONES INDU;44127;712800
890909001-1;EMPRESA DE DISTRIBUCIONES INDU;44128;544500
890909001-1;EMPRESA DE DISTRIBUCIONES INDU;44129;712800
890909001-1;EMPRESA DE DISTRIBUCIONES INDU;44153;1124640
890909001-1;EMPRESA DE DISTRIBUCIONES INDU;44157;1816650
890909001-1;EMPRESA DE DISTRIBUCIONES INDU;44159;1124640
890909001-1;EMPRESA DE DISTRIBUCIONES INDU;44161;1124640
890909001-1;EMPRESA DE DISTRIBUCIONES INDU;44163;1124640
890909001-1;EMPRESA DE DISTRIBUCIONES INDU;44164;1124640
890909001-1;EMPRESA DE DISTRIBUCIONES INDU;44165;1124640
890909001-1;EMPRESA DE DISTRIBUCIONES INDU;44171;1881000
890909001-1;EMPRESA DE DISTRIBUCIONES INDU;44172;3465000
890909001-1;EMPRESA DE DISTRIBUCIONES INDU;44173;7484400
890909001-1;EMPRESA DE DISTRIBUCIONES INDU;44179;496584
890909001-1;EMPRESA DE DISTRIBUCIONES INDU;44180;484959
890909001-1;EMPRESA DE DISTRIBUCIONES INDU;44181;470250
890909001-1;EMPRESA DE DISTRIBUCIONES INDU;44182;470250
890909001-1;EMPRESA DE DISTRIBUCIONES INDU;44183;487411
890909001-1;EMPRESA DE DISTRIBUCIONES INDU;44184;487411
890909001-1;EMPRESA DE DISTRIBUCIONES INDU;44185;487411
890909001-1;EMPRESA DE DISTRIBUCIONES INDU;44186;489863
890909001-1;EMPRESA DE DISTRIBUCIONES INDU;44187;499715
890909001-1;EMPRESA DE DISTRIBUCIONES INDU;44188;415613
890909001-1;EMPRESA DE DISTRIBUCIONES INDU;44189;418064
890909001-1;EMPRESA DE DISTRIBUCIONES INDU;44190;484959
890909001-1;EMPRESA DE DISTRIBUCIONES INDU;44191;487411
890909001-1;EMPRESA DE DISTRIBUCIONES INDU;44192;482507
890909001-1;EMPRESA DE DISTRIBUCIONES INDU;44193;306900
890909001-1;EMPRESA DE DISTRIBUCIONES INDU;44194;306900
890909001-1;EMPRESA DE DISTRIBUCIONES INDU;44195;489654
890909001-1;EMPRESA DE DISTRIBUCIONES INDU;44196;1124640
890909001-1;EMPRESA DE DISTRIBUCIONES INDU;44197;495000
890909001-1;EMPRESA DE DISTRIBUCIONES INDU;44198;1124640
890909001-1;EMPRESA DE DISTRIBUCIONES INDU;44199;484819
890909001-1;EMPRESA DE DISTRIBUCIONES INDU;44200;479915
890909001-1;EMPRESA DE DISTRIBUCIONES INDU;44238;1049816
890909001-1;EMPRESA DE DISTRIBUCIONES INDU;44239;1124640
890909001-1;EMPRESA DE DISTRIBUCIONES INDU;44240;1124640
890909001-1;EMPRESA DE DISTRIBUCIONES INDU;44241;1124640
890909001-1;EMPRESA DE DISTRIBUCIONES INDU;44242;306900
890909001-1;EMPRESA DE DISTRIBUCIONES INDU;44243;306900
890909001-1;EMPRESA DE DISTRIBUCIONES INDU;44244;306900
890909001-1;EMPRESA DE DISTRIBUCIONES INDU;44245;306900
890909001-1;EMPRESA DE DISTRIBUCIONES INDU;44246;1693890
890909001-1;EMPRESA DE DISTRIBUCIONES INDU;44247;1124640
890909001-1;EMPRESA DE DISTRIBUCIONES INDU;44248;1966140
890909001-1;EMPRESA DE DISTRIBUCIONES INDU;44250;1124640
890909001-1;EMPRESA DE DISTRIBUCIONES INDU;44251;1124640
890909001-1;EMPRESA DE DISTRIBUCIONES INDU;44252;1124640
890909001-1;EMPRESA DE DISTRIBUCIONES INDU;44253;306900
890909001-1;EMPRESA DE DISTRIBUCIONES INDU;44254;306900
890909001-1;EMPRESA DE DISTRIBUCIONES INDU;44255;306900
890909001-1;EMPRESA DE DISTRIBUCIONES INDU;44256;306900
890909001-1;EMPRESA DE DISTRIBUCIONES INDU;44257;306900
890909001-1;EMPRESA DE DISTRIBUCIONES INDU;44258;1124640
890909001-1;EMPRESA DE DISTRIBUCIONES INDU;44259;2047320
890909001-1;EMPRESA DE DISTRIBUCIONES INDU;44260;442899
890909001-1;EMPRESA DE DISTRIBUCIONES INDU;44261;601327
890909001-1;EMPRESA DE DISTRIBUCIONES INDU;44262;535735
890909001-1;EMPRESA DE DISTRIBUCIONES INDU;44263;568019
890909001-1;EMPRESA DE DISTRIBUCIONES INDU;44264;463348
890909001-1;EMPRESA DE DISTRIBUCIONES INDU;44265;811426
890909001-1;EMPRESA DE DISTRIBUCIONES INDU;44267;372794
890909001-1;EMPRESA DE DISTRIBUCIONES INDU;44268;1232972
890909001-1;EMPRESA DE DISTRIBUCIONES INDU;44269;373525
890909001-1;EMPRESA DE DISTRIBUCIONES INDU;44270;8316000
890909001-1;EMPRESA DE DISTRIBUCIONES INDU;44271;455400
890909001-1;EMPRESA DE DISTRIBUCIONES INDU;44272;551512
890909001-1;EMPRESA DE DISTRIBUCIONES INDU;44273;8217000
890909001-1;EMPRESA DE DISTRIBUCIONES INDU;44274;568019
890909001-1;EMPRESA DE DISTRIBUCIONES INDU;44275;524593
890909001-1;EMPRESA DE DISTRIBUCIONES INDU;44276;1007820
890909001-1;EMPRESA DE DISTRIBUCIONES INDU;44277;487828
890909001-1;EMPRESA DE DISTRIBUCIONES INDU;44278;486002
890909001-1;EMPRESA DE DISTRIBUCIONES INDU;44279;487828
890909001-1;EMPRESA DE DISTRIBUCIONES INDU;44280;489654
890909001-1;EMPRESA DE DISTRIBUCIONES INDU;44281;491481
890909001-1;EMPRESA DE DISTRIBUCIONES INDU;44282;486002
890909001-1;EMPRESA DE DISTRIBUCIONES INDU;44283;262350
890909001-1;EMPRESA DE DISTRIBUCIONES INDU;44284;527987
890909001-1;EMPRESA DE DISTRIBUCIONES INDU;44285;520689
890909001-1;EMPRESA DE DISTRIBUCIONES INDU;44286;477464
890909001-1;EMPRESA DE DISTRIBUCIONES INDU;44288;306900
890909001-1;EMPRESA DE DISTRIBUCIONES INDU;44294;1485000
890909001-1;EMPRESA DE DISTRIBUCIONES INDU;44295;2574000
890909001-1;EMPRESA DE DISTRIBUCIONES INDU;44296;1683000
901448344-0;ESDECO ESTRUCTURAS DE COLOMBIA;43673;2187900
901448344-0;ESDECO ESTRUCTURAS DE COLOMBIA;43749;1584000
860007538-2;FEDERACION NACIONAL DE CAFETER;43696;21182303
860007538-2;FEDERACION NACIONAL DE CAFETER;43845;13339707
860007538-2;FEDERACION NACIONAL DE CAFETER;43846;2736360
860007538-2;FEDERACION NACIONAL DE CAFETER;44215;8433920
811025635-7;FEELING COMPANY S.A.S         ;43629;1138700
890913555-3;FERROINDUSTRIAL S.A.          ;43444;160380
900911788-9;FRUTAFINO S A S               ;43858;1888250
900911788-9;FRUTAFINO S A S               ;47982;5395500
900461819-7;FRUTAS COLOMBIANAS DE EXPORTAC;44067;6217200
900493698-1;GEOPARK COLOMBIA S.A.S        ;43653;29891523
900493698-1;GEOPARK COLOMBIA S.A.S        ;43654;8500484
900493698-1;GEOPARK COLOMBIA S.A.S        ;43655;2595190
900493698-1;GEOPARK COLOMBIA S.A.S        ;43656;1951761
900493698-1;GEOPARK COLOMBIA S.A.S        ;43657;924518
900493698-1;GEOPARK COLOMBIA S.A.S        ;43658;1540864
900493698-1;GEOPARK COLOMBIA S.A.S        ;43676;16325154
900493698-1;GEOPARK COLOMBIA S.A.S        ;43677;32588922
900493698-1;GEOPARK COLOMBIA S.A.S        ;43678;31327606
900493698-1;GEOPARK COLOMBIA S.A.S        ;43679;975880
900493698-1;GEOPARK COLOMBIA S.A.S        ;43838;1701068
900493698-1;GEOPARK COLOMBIA S.A.S        ;43839;20072596
900493698-1;GEOPARK COLOMBIA S.A.S        ;43951;50011384
900037572-6;GLOBO PETROL S.A.S            ;43349;23352722
891300529-4;GRASAS S A                    ;43164;3719108
891300529-4;GRASAS S A                    ;43207;3669416
891300529-4;GRASAS S A                    ;43210;3742355
891300529-4;GRASAS S A                    ;43211;3747823
891300529-4;GRASAS S A                    ;43250;4166168
891300529-4;GRASAS S A                    ;43252;1584000
891300529-4;GRASAS S A                    ;43253;3294374
891300529-4;GRASAS S A                    ;43255;1584000
891300529-4;GRASAS S A                    ;43266;1782000
891300529-4;GRASAS S A                    ;43273;3291156
891300529-4;GRASAS S A                    ;43274;3290760
891300529-4;GRASAS S A                    ;43275;2189320
891300529-4;GRASAS S A                    ;43276;2705561
891300529-4;GRASAS S A                    ;43497;3507867
891300529-4;GRASAS S A                    ;43498;3118500
891300529-4;GRASAS S A                    ;43499;3791007
891300529-4;GRASAS S A                    ;43500;4260762
891300529-4;GRASAS S A                    ;43501;3924855
891300529-4;GRASAS S A                    ;43502;4286205
891300529-4;GRASAS S A                    ;43503;2515095
891300529-4;GRASAS S A                    ;43504;4068009
891300529-4;GRASAS S A                    ;43518;3759327
891300529-4;GRASAS S A                    ;43519;3929310
891300529-4;GRASAS S A                    ;43521;4256000
891300529-4;GRASAS S A                    ;43522;5441046
891300529-4;GRASAS S A                    ;43523;3118500
891300529-4;GRASAS S A                    ;43524;6897627
891300529-4;GRASAS S A                    ;43525;2094048
891300529-4;GRASAS S A                    ;43526;1537965
891300529-4;GRASAS S A                    ;43556;3686364
891300529-4;GRASAS S A                    ;43557;4280134
891300529-4;GRASAS S A                    ;43558;1623273
891300529-4;GRASAS S A                    ;43559;4081869
891300529-4;GRASAS S A                    ;43560;1466042
891300529-4;GRASAS S A                    ;43561;3771481
891300529-4;GRASAS S A                    ;43575;2721708
891300529-4;GRASAS S A                    ;43576;4940298
891300529-4;GRASAS S A                    ;43609;1386000
891300529-4;GRASAS S A                    ;43611;1683000
891300529-4;GRASAS S A                    ;43613;1782000
891300529-4;GRASAS S A                    ;43614;648450
891300529-4;GRASAS S A                    ;43615;1683000
891300529-4;GRASAS S A                    ;43616;1821600
891300529-4;GRASAS S A                    ;43618;1584000
891300529-4;GRASAS S A                    ;43624;3999840
891300529-4;GRASAS S A                    ;43631;1683000
891300529-4;GRASAS S A                    ;43648;1584000
891300529-4;GRASAS S A                    ;43686;1683000
891300529-4;GRASAS S A                    ;43692;1782000
891300529-4;GRASAS S A                    ;43712;2324278
891300529-4;GRASAS S A                    ;43713;3827835
891300529-4;GRASAS S A                    ;43714;3532617
891300529-4;GRASAS S A                    ;43715;4001283
891300529-4;GRASAS S A                    ;43717;2715580
891300529-4;GRASAS S A                    ;43719;4074444
891300529-4;GRASAS S A                    ;43722;2176515
891300529-4;GRASAS S A                    ;43724;1683000
891300529-4;GRASAS S A                    ;43727;4455950
891300529-4;GRASAS S A                    ;43728;3636171
891300529-4;GRASAS S A                    ;43729;3998511
891300529-4;GRASAS S A                    ;43730;702900
891300529-4;GRASAS S A                    ;43731;3129192
891300529-4;GRASAS S A                    ;43735;1957725
891300529-4;GRASAS S A                    ;43737;1782000
891300529-4;GRASAS S A                    ;43748;1912680
891300529-4;GRASAS S A                    ;43767;1683000
891300529-4;GRASAS S A                    ;43819;4493743
891300529-4;GRASAS S A                    ;43820;3971484
891300529-4;GRASAS S A                    ;43821;3939733
891300529-4;GRASAS S A                    ;43822;3846023
891300529-4;GRASAS S A                    ;43840;5830704
891300529-4;GRASAS S A                    ;43841;5020203
891300529-4;GRASAS S A                    ;43842;3680770
891300529-4;GRASAS S A                    ;43843;3082563
891300529-4;GRASAS S A                    ;43862;3995640
891300529-4;GRASAS S A                    ;43863;1683000
891300529-4;GRASAS S A                    ;43864;3929211
891300529-4;GRASAS S A                    ;43946;2128500
891300529-4;GRASAS S A                    ;43947;1683000
891300529-4;GRASAS S A                    ;43948;1868130
891300529-4;GRASAS S A                    ;43956;1584000
891300529-4;GRASAS S A                    ;43957;3623732
891300529-4;GRASAS S A                    ;43958;3648483
891300529-4;GRASAS S A                    ;43959;1593544
891300529-4;GRASAS S A                    ;43960;3487869
891300529-4;GRASAS S A                    ;43961;4448426
891300529-4;GRASAS S A                    ;43962;3686582
891300529-4;GRASAS S A                    ;43963;2833927
891300529-4;GRASAS S A                    ;43964;4114371
891300529-4;GRASAS S A                    ;43997;2716844
891300529-4;GRASAS S A                    ;43998;1584792
891300529-4;GRASAS S A                    ;44000;3763655
891300529-4;GRASAS S A                    ;44008;4469850
891300529-4;GRASAS S A                    ;44009;2160167
891300529-4;GRASAS S A                    ;44083;2125052
891300529-4;GRASAS S A                    ;44085;3695654
891300529-4;GRASAS S A                    ;44086;4434735
891300529-4;GRASAS S A                    ;44087;3823994
891300529-4;GRASAS S A                    ;44088;2155428
891300529-4;GRASAS S A                    ;44089;4001634
891300529-4;GRASAS S A                    ;44090;1584000
891300529-4;GRASAS S A                    ;44104;1952092
891300529-4;GRASAS S A                    ;44133;1790910
891300529-4;GRASAS S A                    ;44148;1683000
891300529-4;GRASAS S A                    ;44149;3193641
891300529-4;GRASAS S A                    ;44150;1683000
891300529-4;GRASAS S A                    ;44154;1584000
891300529-4;GRASAS S A                    ;44155;1683000
891300529-4;GRASAS S A                    ;44162;1584000
891300529-4;GRASAS S A                    ;44178;3899511
860000100-9;HACH COLOMBIA SAS             ;43216;15440000
901600793-5;HEVOLUCION S.A.S              ;44158;6336000
901397680-0;HORUS ENERGY GROUP S.A.S      ;27448;18107840
901397680-0;HORUS ENERGY GROUP S.A.S      ;27488;6722100
901822361-1;IMPORLAUFRAN SAS              ;43836;1064000
901822361-1;IMPORLAUFRAN SAS              ;43837;1064000
860016610-3;INTERCONEXION ELECTRICA S.A. E;44017;10273761
860016610-3;INTERCONEXION ELECTRICA S.A. E;44047;109256395
900326174-8;INTERDEKO SOCIEDAD POR ACCI   ;43992;8840700
900667590-1;ISA INTERCOLOMBIA S.A. E.S.P. ;44112;85910753
900667590-1;ISA INTERCOLOMBIA S.A. E.S.P. ;44143;1656462
860507248-7;J.E. JAIMES INGENIEROS S.A.S  ;44138;2178000
800039996-1;KUEHNE Y NAGEL S.A            ;47966;3564000
901552472-1;LABOR HEALTH IPS SAS          ;43824;793500
901248821-4;LASENOR ANDINA S.A.S          ;43468;9061074
901248821-4;LASENOR ANDINA S.A.S          ;43541;574200
901248821-4;LASENOR ANDINA S.A.S          ;43701;1029600
901248821-4;LASENOR ANDINA S.A.S          ;44123;1782000
900797268-1;LATIR EXPERIENCES S.A.S.      ;43513;16501500
900797268-1;LATIR EXPERIENCES S.A.S.      ;43514;3088000
900797268-1;LATIR EXPERIENCES S.A.S.      ;43515;4439000
900797268-1;LATIR EXPERIENCES S.A.S.      ;43691;1814200
900557226-3;LINARQ SAS                    ;43139;643500
901534386-8;LOGISTICA TC&E SAS            ;43799;9306000
901534386-8;LOGISTICA TC&E SAS            ;44151;4653000
830090773-0;MASSY ENERGY COLOMBIA S.A.S.  ;43520;86427000
830073450-5;MCS CONSULTORIA Y MONITOREO AM;42367;29553117
830073450-5;MCS CONSULTORIA Y MONITOREO AM;42368;25329093
830073450-5;MCS CONSULTORIA Y MONITOREO AM;42373;27334291
830073450-5;MCS CONSULTORIA Y MONITOREO AM;42374;28042665
830073450-5;MCS CONSULTORIA Y MONITOREO AM;42875;4036613
830073450-5;MCS CONSULTORIA Y MONITOREO AM;42876;7075727
830073450-5;MCS CONSULTORIA Y MONITOREO AM;42877;3635574
830073450-5;MCS CONSULTORIA Y MONITOREO AM;42878;2833495
860531287-5;MELEXA S.A.S.                 ;42521;4033354
860531287-5;MELEXA S.A.S.                 ;43694;7220394
811016211-1;MEZCLAS BIOMIX S A S          ;43064;5346000
811016211-1;MEZCLAS BIOMIX S A S          ;43067;1584000
811016211-1;MEZCLAS BIOMIX S A S          ;43103;13326656
811016211-1;MEZCLAS BIOMIX S A S          ;43684;5148000
811016211-1;MEZCLAS BIOMIX S A S          ;43702;12672000
811016211-1;MEZCLAS BIOMIX S A S          ;43769;11088000
811016211-1;MEZCLAS BIOMIX S A S          ;44006;5148000
811004786-0;MICRODENIER S A               ;43506;6633000
811004786-0;MICRODENIER S A               ;43744;6336000
811004786-0;MICRODENIER S A               ;43745;6336000
811004786-0;MICRODENIER S A               ;43895;6336000
811004786-0;MICRODENIER S A               ;44176;6237000
811004786-0;MICRODENIER S A               ;44177;6237000
901025713-1;MOTORMATIC SAS                ;44145;1881000
901020738-0;MU?OZ CARGO S.A.S             ;44212;5742000
800220041-8;NUTRESOL S.A.S                ;43625;841500
800220041-8;NUTRESOL S.A.S                ;43647;841500
800220041-8;NUTRESOL S.A.S                ;43770;376200
800220041-8;NUTRESOL S.A.S                ;43774;693000
800220041-8;NUTRESOL S.A.S                ;43795;693000
800220041-8;NUTRESOL S.A.S                ;43941;693000
800220041-8;NUTRESOL S.A.S                ;43942;693000
800220041-8;NUTRESOL S.A.S                ;44218;693000
800220041-8;NUTRESOL S.A.S                ;44219;693000
800220041-8;NUTRESOL S.A.S                ;44266;1485000
800220041-8;NUTRESOL S.A.S                ;44289;693000
800220041-8;NUTRESOL S.A.S                ;44290;940500
800220041-8;NUTRESOL S.A.S                ;44308;841500
811041552-1;OPERACIONES SERVICIOS Y LOGIST;43456;3000000
900527320-1;ORIENTAL DE CONSTRUCCIONES Y T;44059;1914989
800204226-6;PIC COLOMBIA S.A.S            ;44097;9207000
800204226-6;PIC COLOMBIA S.A.S            ;44114;6296400
811015231-2;PLANET CARGO S A S            ;34600;90000
811015231-2;PLANET CARGO S A S            ;44156;5148000
811015231-2;PLANET CARGO S A S            ;44160;10296000
800102065-9;PLASSOL S A S                 ;42947;5841000
800102065-9;PLASSOL S A S                 ;42979;6138000
800102065-9;PLASSOL S A S                 ;43104;6138000
800102065-9;PLASSOL S A S                 ;43159;6138000
800102065-9;PLASSOL S A S                 ;43160;6237000
800102065-9;PLASSOL S A S                 ;43332;6138000
800102065-9;PLASSOL S A S                 ;43552;6039000
800102065-9;PLASSOL S A S                 ;43565;6039000
800102065-9;PLASSOL S A S                 ;44013;6039000
800102065-9;PLASSOL S A S                 ;44115;6039000
800102065-9;PLASSOL S A S                 ;44146;6039000
800102065-9;PLASSOL S A S                 ;44293;6039000
800102065-9;PLASSOL S A S                 ;44297;6187500
800102065-9;PLASSOL S A S                 ;44298;6138000
811018613-6;POLINYLON S A                 ;43463;6831000
811018613-6;POLINYLON S A                 ;43464;6336000
811018613-6;POLINYLON S A                 ;43472;6633000
811018613-6;POLINYLON S A                 ;43740;6831000
811018613-6;POLINYLON S A                 ;43741;6831000
811018613-6;POLINYLON S A                 ;43742;6336000
811018613-6;POLINYLON S A                 ;43743;5841000
811018613-6;POLINYLON S A                 ;43896;6633000
811018613-6;POLINYLON S A                 ;44074;6435000
811018613-6;POLINYLON S A                 ;44175;5841000
890804199-7;PRODUCTORA DE ALAMBRES COLOMBI;43262;3276900
890804199-7;PRODUCTORA DE ALAMBRES COLOMBI;43454;2128500
890804199-7;PRODUCTORA DE ALAMBRES COLOMBI;43455;2821500
890804199-7;PRODUCTORA DE ALAMBRES COLOMBI;43457;2257200
890804199-7;PRODUCTORA DE ALAMBRES COLOMBI;43461;2178000
890804199-7;PRODUCTORA DE ALAMBRES COLOMBI;43480;1188000
890804199-7;PRODUCTORA DE ALAMBRES COLOMBI;43481;1883970
890804199-7;PRODUCTORA DE ALAMBRES COLOMBI;43562;1811700
890804199-7;PRODUCTORA DE ALAMBRES COLOMBI;43564;2722500
890804199-7;PRODUCTORA DE ALAMBRES COLOMBI;43699;3484800
890804199-7;PRODUCTORA DE ALAMBRES COLOMBI;43700;1960200
890804199-7;PRODUCTORA DE ALAMBRES COLOMBI;43763;2267100
890804199-7;PRODUCTORA DE ALAMBRES COLOMBI;43764;4425300
890804199-7;PRODUCTORA DE ALAMBRES COLOMBI;43765;2603700
890804199-7;PRODUCTORA DE ALAMBRES COLOMBI;43808;4455000
890804199-7;PRODUCTORA DE ALAMBRES COLOMBI;43809;1831500
890804199-7;PRODUCTORA DE ALAMBRES COLOMBI;43810;3798630
890804199-7;PRODUCTORA DE ALAMBRES COLOMBI;43825;4059000
890804199-7;PRODUCTORA DE ALAMBRES COLOMBI;43994;3455100
890804199-7;PRODUCTORA DE ALAMBRES COLOMBI;44056;4603500
890804199-7;PRODUCTORA DE ALAMBRES COLOMBI;44095;5445000
890804199-7;PRODUCTORA DE ALAMBRES COLOMBI;44099;2237400
890804199-7;PRODUCTORA DE ALAMBRES COLOMBI;44134;3088800
890312630-9;PROTECNICA INGENIERIA S.A.S   ;43621;693000
890312630-9;PROTECNICA INGENIERIA S.A.S   ;43622;346500
890312630-9;PROTECNICA INGENIERIA S.A.S   ;43626;742500
890312630-9;PROTECNICA INGENIERIA S.A.S   ;43768;346500
890312630-9;PROTECNICA INGENIERIA S.A.S   ;43771;742500
890312630-9;PROTECNICA INGENIERIA S.A.S   ;43772;1138500
890312630-9;PROTECNICA INGENIERIA S.A.S   ;43775;693000
890312630-9;PROTECNICA INGENIERIA S.A.S   ;43940;970200
890312630-9;PROTECNICA INGENIERIA S.A.S   ;43979;693000
890312630-9;PROTECNICA INGENIERIA S.A.S   ;44077;346500
890312630-9;PROTECNICA INGENIERIA S.A.S   ;44216;1366200
890312630-9;PROTECNICA INGENIERIA S.A.S   ;44217;940500
890312630-9;PROTECNICA INGENIERIA S.A.S   ;44221;2821500
890312630-9;PROTECNICA INGENIERIA S.A.S   ;44291;693000
890312630-9;PROTECNICA INGENIERIA S.A.S   ;44299;1039500
890312630-9;PROTECNICA INGENIERIA S.A.S   ;44309;1485000
800093320-2;PROYECTOS DE INGENIERIA S.A. P;43022;1633500
830513756-2;REFRILOGISTICA S A S          ;43265;5866700
900331462-4;S. O. S. PROMOX S. A. S.      ;44678;732600
890926628-9;SENCO COLOMBIANA S.A.S        ;43378;4653000
890926628-9;SENCO COLOMBIANA S.A.S        ;43410;5445000
890926628-9;SENCO COLOMBIANA S.A.S        ;43806;5544000
890926628-9;SENCO COLOMBIANA S.A.S        ;44049;4653000
890926628-9;SENCO COLOMBIANA S.A.S        ;44126;5742000
901085835-6;SINEA ZONA FRANCA SAS         ;42393;22993740
901085835-6;SINEA ZONA FRANCA SAS         ;42853;19880289
901085835-6;SINEA ZONA FRANCA SAS         ;43020;5870700
901085835-6;SINEA ZONA FRANCA SAS         ;43177;18094824
901085835-6;SINEA ZONA FRANCA SAS         ;43534;30529224
901085835-6;SINEA ZONA FRANCA SAS         ;43826;3168000
901154922-5;SM GROUP NERTA SAS            ;44022;1881000
900738674-7;SMI COLOMBIA SAS              ;43528;31413633
900738674-7;SMI COLOMBIA SAS              ;43532;6954750
900738674-7;SMI COLOMBIA SAS              ;43533;20592000
900738674-7;SMI COLOMBIA SAS              ;43827;4578750
900738674-7;SMI COLOMBIA SAS              ;43828;29214900
900738674-7;SMI COLOMBIA SAS              ;43829;12969000
900738674-7;SMI COLOMBIA SAS              ;44042;11394900
900738674-7;SMI COLOMBIA SAS              ;44043;8122950
900738674-7;SMI COLOMBIA SAS              ;44044;27541800
890800718-1;SUCESORES DE JOSE JESUS RESTRE;43336;1034869
900631527-1;SURTICEREALES MEDELL?N S.A.S. ;48081;783500
860000006-4;TEAM FOODS COLOMBIA SA        ;40684;386100
860000006-4;TEAM FOODS COLOMBIA SA        ;41243;247500
860000006-4;TEAM FOODS COLOMBIA SA        ;41250;396000
860000006-4;TEAM FOODS COLOMBIA SA        ;41251;386100
860000006-4;TEAM FOODS COLOMBIA SA        ;41907;3366000
860000006-4;TEAM FOODS COLOMBIA SA        ;42248;1980000
860000006-4;TEAM FOODS COLOMBIA SA        ;42346;346973
860000006-4;TEAM FOODS COLOMBIA SA        ;42464;570240
860000006-4;TEAM FOODS COLOMBIA SA        ;42506;2970000
860000006-4;TEAM FOODS COLOMBIA SA        ;42662;2475000
860000006-4;TEAM FOODS COLOMBIA SA        ;42718;2662752
860000006-4;TEAM FOODS COLOMBIA SA        ;42995;10435392
860000006-4;TEAM FOODS COLOMBIA SA        ;42996;2376000
860000006-4;TEAM FOODS COLOMBIA SA        ;43044;198000
860000006-4;TEAM FOODS COLOMBIA SA        ;43055;5866700
860000006-4;TEAM FOODS COLOMBIA SA        ;43162;2271060
860000006-4;TEAM FOODS COLOMBIA SA        ;43170;4176810
860000006-4;TEAM FOODS COLOMBIA SA        ;43171;6718140
860000006-4;TEAM FOODS COLOMBIA SA        ;43172;6718140
860000006-4;TEAM FOODS COLOMBIA SA        ;43173;6569640
860000006-4;TEAM FOODS COLOMBIA SA        ;43217;977724
860000006-4;TEAM FOODS COLOMBIA SA        ;43237;92671557
860000006-4;TEAM FOODS COLOMBIA SA        ;43243;1284030
860000006-4;TEAM FOODS COLOMBIA SA        ;43244;1284030
860000006-4;TEAM FOODS COLOMBIA SA        ;43246;504900
860000006-4;TEAM FOODS COLOMBIA SA        ;43248;403920
860000006-4;TEAM FOODS COLOMBIA SA        ;43251;366300
860000006-4;TEAM FOODS COLOMBIA SA        ;43254;502920
860000006-4;TEAM FOODS COLOMBIA SA        ;43257;1284030
860000006-4;TEAM FOODS COLOMBIA SA        ;43263;425700
860000006-4;TEAM FOODS COLOMBIA SA        ;43264;6569640
860000006-4;TEAM FOODS COLOMBIA SA        ;43278;872190
860000006-4;TEAM FOODS COLOMBIA SA        ;43279;19268964
860000006-4;TEAM FOODS COLOMBIA SA        ;43281;2871000
860000006-4;TEAM FOODS COLOMBIA SA        ;43306;27130293
860000006-4;TEAM FOODS COLOMBIA SA        ;43325;1089000
860000006-4;TEAM FOODS COLOMBIA SA        ;43326;198000
860000006-4;TEAM FOODS COLOMBIA SA        ;43351;544500
860000006-4;TEAM FOODS COLOMBIA SA        ;43352;33865006
860000006-4;TEAM FOODS COLOMBIA SA        ;43416;3989700
860000006-4;TEAM FOODS COLOMBIA SA        ;43418;4504500
860000006-4;TEAM FOODS COLOMBIA SA        ;43419;4909889
860000006-4;TEAM FOODS COLOMBIA SA        ;43420;17370191
860000006-4;TEAM FOODS COLOMBIA SA        ;43421;8804070
860000006-4;TEAM FOODS COLOMBIA SA        ;43422;6371640
860000006-4;TEAM FOODS COLOMBIA SA        ;43423;346500
860000006-4;TEAM FOODS COLOMBIA SA        ;43424;868626
860000006-4;TEAM FOODS COLOMBIA SA        ;43425;1089000
860000006-4;TEAM FOODS COLOMBIA SA        ;43426;707850
860000006-4;TEAM FOODS COLOMBIA SA        ;43440;10529729
860000006-4;TEAM FOODS COLOMBIA SA        ;43442;829546
860000006-4;TEAM FOODS COLOMBIA SA        ;43446;178200
860000006-4;TEAM FOODS COLOMBIA SA        ;43447;1852290
860000006-4;TEAM FOODS COLOMBIA SA        ;43450;2788975
860000006-4;TEAM FOODS COLOMBIA SA        ;43451;2745162
860000006-4;TEAM FOODS COLOMBIA SA        ;43452;623700
860000006-4;TEAM FOODS COLOMBIA SA        ;43453;68200285
860000006-4;TEAM FOODS COLOMBIA SA        ;43540;17202636
860000006-4;TEAM FOODS COLOMBIA SA        ;43555;1287000
860000006-4;TEAM FOODS COLOMBIA SA        ;43563;1323630
860000006-4;TEAM FOODS COLOMBIA SA        ;43566;14474196
860000006-4;TEAM FOODS COLOMBIA SA        ;43632;2970000
860000006-4;TEAM FOODS COLOMBIA SA        ;43633;356400
860000006-4;TEAM FOODS COLOMBIA SA        ;43634;445500
860000006-4;TEAM FOODS COLOMBIA SA        ;43635;1284030
860000006-4;TEAM FOODS COLOMBIA SA        ;43636;485100
860000006-4;TEAM FOODS COLOMBIA SA        ;43637;386100
860000006-4;TEAM FOODS COLOMBIA SA        ;43638;198000
860000006-4;TEAM FOODS COLOMBIA SA        ;43639;198000
860000006-4;TEAM FOODS COLOMBIA SA        ;43640;198000
860000006-4;TEAM FOODS COLOMBIA SA        ;43641;29050560
860000006-4;TEAM FOODS COLOMBIA SA        ;43642;376200
860000006-4;TEAM FOODS COLOMBIA SA        ;43643;386100
860000006-4;TEAM FOODS COLOMBIA SA        ;43652;396000
860000006-4;TEAM FOODS COLOMBIA SA        ;43675;4930200
860000006-4;TEAM FOODS COLOMBIA SA        ;43766;8582706
860000006-4;TEAM FOODS COLOMBIA SA        ;43773;4639140
860000006-4;TEAM FOODS COLOMBIA SA        ;43777;4639140
860000006-4;TEAM FOODS COLOMBIA SA        ;43778;4639140
860000006-4;TEAM FOODS COLOMBIA SA        ;43779;4639140
860000006-4;TEAM FOODS COLOMBIA SA        ;43780;4652010
860000006-4;TEAM FOODS COLOMBIA SA        ;43781;5931090
860000006-4;TEAM FOODS COLOMBIA SA        ;43782;475200
860000006-4;TEAM FOODS COLOMBIA SA        ;43783;534600
860000006-4;TEAM FOODS COLOMBIA SA        ;43790;3056861
860000006-4;TEAM FOODS COLOMBIA SA        ;43791;11057310
860000006-4;TEAM FOODS COLOMBIA SA        ;43792;24451699
860000006-4;TEAM FOODS COLOMBIA SA        ;43794;1683000
860000006-4;TEAM FOODS COLOMBIA SA        ;43800;20584583
860000006-4;TEAM FOODS COLOMBIA SA        ;43945;2080980
860000006-4;TEAM FOODS COLOMBIA SA        ;43953;63642278
860000006-4;TEAM FOODS COLOMBIA SA        ;43977;18873360
860000006-4;TEAM FOODS COLOMBIA SA        ;43978;2277000
860000006-4;TEAM FOODS COLOMBIA SA        ;43980;2277000
860000006-4;TEAM FOODS COLOMBIA SA        ;43991;396000
860000006-4;TEAM FOODS COLOMBIA SA        ;43993;198000
860000006-4;TEAM FOODS COLOMBIA SA        ;43995;346500
860000006-4;TEAM FOODS COLOMBIA SA        ;43996;297000
860000006-4;TEAM FOODS COLOMBIA SA        ;43999;297000
860000006-4;TEAM FOODS COLOMBIA SA        ;44001;297000
860000006-4;TEAM FOODS COLOMBIA SA        ;44002;346500
860000006-4;TEAM FOODS COLOMBIA SA        ;44005;346500
860000006-4;TEAM FOODS COLOMBIA SA        ;44007;396000
860000006-4;TEAM FOODS COLOMBIA SA        ;44010;495000
860000006-4;TEAM FOODS COLOMBIA SA        ;44012;495000
860000006-4;TEAM FOODS COLOMBIA SA        ;44019;2520540
860000006-4;TEAM FOODS COLOMBIA SA        ;44035;297000
860000006-4;TEAM FOODS COLOMBIA SA        ;44045;5643000
860000006-4;TEAM FOODS COLOMBIA SA        ;44048;9361440
860000006-4;TEAM FOODS COLOMBIA SA        ;44052;21589698
860000006-4;TEAM FOODS COLOMBIA SA        ;44091;1435500
860000006-4;TEAM FOODS COLOMBIA SA        ;44092;534600
860000006-4;TEAM FOODS COLOMBIA SA        ;44093;475200
860000006-4;TEAM FOODS COLOMBIA SA        ;44094;415800
860000006-4;TEAM FOODS COLOMBIA SA        ;44096;2178000
860000006-4;TEAM FOODS COLOMBIA SA        ;44098;4502520
860000006-4;TEAM FOODS COLOMBIA SA        ;44100;4502520
860000006-4;TEAM FOODS COLOMBIA SA        ;44102;6085134
860000006-4;TEAM FOODS COLOMBIA SA        ;44103;821700
860000006-4;TEAM FOODS COLOMBIA SA        ;44107;6347880
860000006-4;TEAM FOODS COLOMBIA SA        ;44108;3865950
860000006-4;TEAM FOODS COLOMBIA SA        ;44109;11241021
860000006-4;TEAM FOODS COLOMBIA SA        ;44110;20877120
860000006-4;TEAM FOODS COLOMBIA SA        ;44208;396000
860000006-4;TEAM FOODS COLOMBIA SA        ;44209;990000
860000006-4;TEAM FOODS COLOMBIA SA        ;44210;346500
860000006-4;TEAM FOODS COLOMBIA SA        ;44211;4455000
860000006-4;TEAM FOODS COLOMBIA SA        ;44235;6315705
860000006-4;TEAM FOODS COLOMBIA SA        ;44237;16429644
860000006-4;TEAM FOODS COLOMBIA SA        ;44300;11061149
860000006-4;TEAM FOODS COLOMBIA SA        ;44301;591150
860000006-4;TEAM FOODS COLOMBIA SA        ;44310;79497809
860000006-4;TEAM FOODS COLOMBIA SA        ;44311;779625
860000006-4;TEAM FOODS COLOMBIA SA        ;44312;396990
860000006-4;TEAM FOODS COLOMBIA SA        ;44313;4934160
860000006-4;TEAM FOODS COLOMBIA SA        ;44314;3235320
860000006-4;TEAM FOODS COLOMBIA SA        ;44315;27473394
860000006-4;TEAM FOODS COLOMBIA SA        ;44319;379566
860000006-4;TEAM FOODS COLOMBIA SA        ;44320;2435400
860000006-4;TEAM FOODS COLOMBIA SA        ;44321;2920424
860000006-4;TEAM FOODS COLOMBIA SA        ;44322;2798136
890300466-5;TECNOQUIMICAS S.A             ;43830;2206710
890300466-5;TECNOQUIMICAS S.A             ;43831;3599145
890300466-5;TECNOQUIMICAS S.A             ;43832;3781800
900337367-1;TEKVO S.A.S.                  ;43223;3564000
860526787-6;TGT GAMAS SAS                 ;43056;1881000
860526787-6;TGT GAMAS SAS                 ;43538;2660134
860526787-6;TGT GAMAS SAS                 ;43539;2026500
860526787-6;TGT GAMAS SAS                 ;43848;1980000
860526787-6;TGT GAMAS SAS                 ;44026;708374
860526787-6;TGT GAMAS SAS                 ;44027;2026500
860526787-6;TGT GAMAS SAS                 ;44028;1540864
860526787-6;TGT GAMAS SAS                 ;44029;708374
860526787-6;TGT GAMAS SAS                 ;44062;1540864
860526787-6;TGT GAMAS SAS                 ;44063;1540864
860526787-6;TGT GAMAS SAS                 ;44066;434250
900388588-9;TRANSPORTE SIN FRONTERAS SAS  ;44072;2125121
830064537-9;TRANSTAINER S A S             ;43429;8266500
901781501-7;UNION TEMPORAL MOTOLT         ;42426;24750000
901781501-7;UNION TEMPORAL MOTOLT         ;42428;18562500
901478635-7;UT MASSY- MOTO                ;39636;869409
901478635-7;UT MASSY- MOTO                ;41655;4400233
901478635-7;UT MASSY- MOTO                ;42966;457742776
901478635-7;UT MASSY- MOTO                ;42967;8047580
901478635-7;UT MASSY- MOTO                ;43718;401485068
901478635-7;UT MASSY- MOTO                ;43725;4250927
900882425-5;WORLD INTER CARGA SAS         ;44224;2277000
